"Tabela 9542 - Pessoas de 15 anos ou mais de idade, total e as alfabetizadas, por sexo, cor ou raça e grupos de idade"
"Variável - Pessoas de 15 anos ou mais de idade (Pessoas)"
"Cód.";"Brasil, Grande Região e Unidade da Federação";"Cor ou raça";"Idade";"Ano x Alfabetização x Sexo"
"Cód.";"Brasil, Grande Região e Unidade da Federação";"Cor ou raça";"Idade";"2022"
"Cód.";"Brasil, Grande Região e Unidade da Federação";"Cor ou raça";"Idade";"Total";;;"Alfabetizadas";;;"Não alfabetizadas"
"Cód.";"Brasil, Grande Região e Unidade da Federação";"Cor ou raça";"Idade";"Total";"Homens";"Mulheres";"Total";"Homens";"Mulheres";"Total";"Homens";"Mulheres"
"1";"Brasil";"Total";"Total";"162951495";"78066714";"84884781";"151547694";"72201119";"79346575";"11403801";"5865595";"5538206"
"1";"Brasil";"Total";"15 a 19 anos";"14375942";"7317515";"7058427";"14154728";"7168334";"6986394";"221214";"149181";"72033"
"1";"Brasil";"Total";"20 a 24 anos";"15466463";"7767306";"7699157";"15228462";"7609556";"7618906";"238001";"157750";"80251"
"1";"Brasil";"Total";"25 a 34 anos";"30942840";"15164743";"15778097";"30335251";"14766401";"15568850";"607589";"398342";"209247"
"1";"Brasil";"Total";"35 a 44 anos";"32244961";"15608392";"16636569";"30919544";"14799556";"16119988";"1325417";"808836";"516581"
"1";"Brasil";"Total";"45 a 54 anos";"26238693";"12563500";"13675193";"24184186";"11401234";"12782952";"2054507";"1162266";"892241"
"1";"Brasil";"Total";"55 a 64 anos";"21513495";"10025339";"11488156";"19046263";"8768805";"10277458";"2467232";"1256534";"1210698"
"1";"Brasil";"Total";"65 anos ou mais";"22169101";"9619919";"12549182";"17679260";"7687233";"9992027";"4489841";"1932686";"2557155"
"1";"Brasil";"Branca";"Total";"71323919";"33185762";"38138157";"68230928";"31687364";"36543564";"3092991";"1498398";"1594593"
"1";"Brasil";"Branca";"15 a 19 anos";"5610575";"2796168";"2814407";"5545534";"2754538";"2790996";"65041";"41630";"23411"
"1";"Brasil";"Branca";"20 a 24 anos";"6076604";"2993920";"3082684";"6008699";"2951558";"3057141";"67905";"42362";"25543"
"1";"Brasil";"Branca";"25 a 34 anos";"12557978";"6057607";"6500371";"12401488";"5960032";"6441456";"156490";"97575";"58915"
"1";"Brasil";"Branca";"35 a 44 anos";"13552562";"6382510";"7170052";"13252564";"6203202";"7049362";"299998";"179308";"120690"
"1";"Brasil";"Branca";"45 a 54 anos";"11486257";"5331242";"6155015";"11008782";"5066710";"5942072";"477475";"264532";"212943"
"1";"Brasil";"Branca";"55 a 64 anos";"10294372";"4699117";"5595255";"9683097";"4393064";"5290033";"611275";"306053";"305222"
"1";"Brasil";"Branca";"65 anos ou mais";"11745571";"4925198";"6820373";"10330764";"4358260";"5972504";"1414807";"566938";"847869"
"1";"Brasil";"Preta";"Total";"17724520";"9010965";"8713555";"15927141";"8044704";"7882437";"1797379";"966261";"831118"
"1";"Brasil";"Preta";"15 a 19 anos";"1403059";"741701";"661358";"1377965";"723761";"654204";"25094";"17940";"7154"
"1";"Brasil";"Preta";"20 a 24 anos";"1725800";"910533";"815267";"1695267";"888792";"806475";"30533";"21741";"8792"
"1";"Brasil";"Preta";"25 a 34 anos";"3530238";"1849587";"1680651";"3445411";"1789990";"1655421";"84827";"59597";"25230"
"1";"Brasil";"Preta";"35 a 44 anos";"3701846";"1923049";"1778797";"3497446";"1790429";"1707017";"204400";"132620";"71780"
"1";"Brasil";"Preta";"45 a 54 anos";"2962748";"1521999";"1440749";"2628962";"1323223";"1305739";"333786";"198776";"135010"
"1";"Brasil";"Preta";"55 a 64 anos";"2263936";"1106273";"1157663";"1849224";"887054";"962170";"414712";"219219";"195493"
"1";"Brasil";"Preta";"65 anos ou mais";"2136893";"957823";"1179070";"1432866";"641455";"791411";"704027";"316368";"387659"
"1";"Brasil";"Amarela";"Total";"753926";"351782";"402144";"735125";"343117";"392008";"18801";"8665";"10136"
"1";"Brasil";"Amarela";"15 a 19 anos";"42066";"20333";"21733";"41691";"20103";"21588";"375";"230";"145"
"1";"Brasil";"Amarela";"20 a 24 anos";"49540";"23298";"26242";"49071";"23011";"26060";"469";"287";"182"
"1";"Brasil";"Amarela";"25 a 34 anos";"108560";"51494";"57066";"107213";"50732";"56481";"1347";"762";"585"
"1";"Brasil";"Amarela";"35 a 44 anos";"134648";"64113";"70535";"132355";"62891";"69464";"2293";"1222";"1071"
"1";"Brasil";"Amarela";"45 a 54 anos";"116579";"55184";"61395";"113535";"53670";"59865";"3044";"1514";"1530"
"1";"Brasil";"Amarela";"55 a 64 anos";"108995";"50984";"58011";"105529";"49369";"56160";"3466";"1615";"1851"
"1";"Brasil";"Amarela";"65 anos ou mais";"193538";"86376";"107162";"185731";"83341";"102390";"7807";"3035";"4772"
"1";"Brasil";"Parda";"Total";"72315015";"35107041";"37207974";"65953388";"31775413";"34177975";"6361627";"3331628";"3029999"
"1";"Brasil";"Parda";"15 a 19 anos";"7196383";"3696331";"3500052";"7073749";"3611058";"3462691";"122634";"85273";"37361"
"1";"Brasil";"Parda";"20 a 24 anos";"7500613";"3782184";"3718429";"7368890";"3692464";"3676426";"131723";"89720";"42003"
"1";"Brasil";"Parda";"25 a 34 anos";"14564226";"7115698";"7448528";"14213527";"6882114";"7331413";"350699";"233584";"117115"
"1";"Brasil";"Parda";"35 a 44 anos";"14705924";"7164333";"7541591";"13907843";"6678101";"7229742";"798081";"486232";"311849"
"1";"Brasil";"Parda";"45 a 54 anos";"11565177";"5601470";"5963707";"10348335";"4914986";"5433349";"1216842";"686484";"530358"
"1";"Brasil";"Parda";"55 a 64 anos";"8768536";"4131703";"4636833";"7353861";"3412640";"3941221";"1414675";"719063";"695612"
"1";"Brasil";"Parda";"65 anos ou mais";"8014156";"3615322";"4398834";"5687183";"2584050";"3103133";"2326973";"1031272";"1295701"
"1";"Brasil";"Indígena";"Total";"824634";"405666";"418968";"692183";"345363";"346820";"132451";"60303";"72148"
"1";"Brasil";"Indígena";"15 a 19 anos";"123236";"62651";"60585";"115180";"58554";"56626";"8056";"4097";"3959"
"1";"Brasil";"Indígena";"20 a 24 anos";"112621";"56496";"56125";"105282";"52886";"52396";"7339";"3610";"3729"
"1";"Brasil";"Indígena";"25 a 34 anos";"179356";"88747";"90609";"165195";"81976";"83219";"14161";"6771";"7390"
"1";"Brasil";"Indígena";"35 a 44 anos";"148021";"73241";"74780";"127457";"63848";"63609";"20564";"9393";"11171"
"1";"Brasil";"Indígena";"45 a 54 anos";"106617";"52930";"53687";"83357";"42031";"41326";"23260";"10899";"12361"
"1";"Brasil";"Indígena";"55 a 64 anos";"76713";"36765";"39948";"53719";"26243";"27476";"22994";"10522";"12472"
"1";"Brasil";"Indígena";"65 anos ou mais";"78070";"34836";"43234";"41993";"19825";"22168";"36077";"15011";"21066"
"1";"Norte";"Total";"Total";"12983834";"6433861";"6549973";"11923833";"5853861";"6069972";"1060001";"580000";"480001"
"1";"Norte";"Total";"15 a 19 anos";"1545379";"785714";"759665";"1510955";"763666";"747289";"34424";"22048";"12376"
"1";"Norte";"Total";"20 a 24 anos";"1524097";"765966";"758131";"1490297";"744741";"745556";"33800";"21225";"12575"
"1";"Norte";"Total";"25 a 34 anos";"2778389";"1366506";"1411883";"2700516";"1317740";"1382776";"77873";"48766";"29107"
"1";"Norte";"Total";"35 a 44 anos";"2649301";"1307235";"1342066";"2504246";"1220100";"1284146";"145055";"87135";"57920"
"1";"Norte";"Total";"45 a 54 anos";"1937675";"965059";"972616";"1741061";"851328";"889733";"196614";"113731";"82883"
"1";"Norte";"Total";"55 a 64 anos";"1342518";"664648";"677870";"1121144";"547212";"573932";"221374";"117436";"103938"
"1";"Norte";"Total";"65 anos ou mais";"1206475";"578733";"627742";"855614";"409074";"446540";"350861";"169659";"181202"
"1";"Norte";"Branca";"Total";"2657225";"1265049";"1392176";"2497162";"1181816";"1315346";"160063";"83233";"76830"
"1";"Norte";"Branca";"15 a 19 anos";"306470";"148635";"157835";"301303";"145418";"155885";"5167";"3217";"1950"
"1";"Norte";"Branca";"20 a 24 anos";"300598";"147366";"153232";"295392";"144199";"151193";"5206";"3167";"2039"
"1";"Norte";"Branca";"25 a 34 anos";"536606";"259786";"276820";"525695";"253146";"272549";"10911";"6640";"4271"
"1";"Norte";"Branca";"35 a 44 anos";"524018";"245896";"278122";"504723";"234551";"270172";"19295";"11345";"7950"
"1";"Norte";"Branca";"45 a 54 anos";"399733";"188401";"211332";"373058";"173317";"199741";"26675";"15084";"11591"
"1";"Norte";"Branca";"55 a 64 anos";"294720";"141751";"152969";"263464";"125655";"137809";"31256";"16096";"15160"
"1";"Norte";"Branca";"65 anos ou mais";"295080";"133214";"161866";"233527";"105530";"127997";"61553";"27684";"33869"
"1";"Norte";"Preta";"Total";"1285471";"711699";"573772";"1138355";"623583";"514772";"147116";"88116";"59000"
"1";"Norte";"Preta";"15 a 19 anos";"120628";"66016";"54612";"118002";"64162";"53840";"2626";"1854";"772"
"1";"Norte";"Preta";"20 a 24 anos";"138480";"76331";"62149";"135525";"74191";"61334";"2955";"2140";"815"
"1";"Norte";"Preta";"25 a 34 anos";"266546";"148067";"118479";"258591";"142483";"116108";"7955";"5584";"2371"
"1";"Norte";"Preta";"35 a 44 anos";"270060";"151267";"118793";"251554";"138701";"112853";"18506";"12566";"5940"
"1";"Norte";"Preta";"45 a 54 anos";"208782";"118102";"90680";"180730";"100098";"80632";"28052";"18004";"10048"
"1";"Norte";"Preta";"55 a 64 anos";"147216";"80960";"66256";"113330";"61277";"52053";"33886";"19683";"14203"
"1";"Norte";"Preta";"65 anos ou mais";"133759";"70956";"62803";"80623";"42671";"37952";"53136";"28285";"24851"
"1";"Norte";"Amarela";"Total";"24807";"11068";"13739";"23680";"10533";"13147";"1127";"535";"592"
"1";"Norte";"Amarela";"15 a 19 anos";"2332";"995";"1337";"2305";"983";"1322";"27";"12";"15"
"1";"Norte";"Amarela";"20 a 24 anos";"2498";"1032";"1466";"2459";"1009";"1450";"39";"23";"16"
"1";"Norte";"Amarela";"25 a 34 anos";"5025";"2132";"2893";"4959";"2100";"2859";"66";"32";"34"
"1";"Norte";"Amarela";"35 a 44 anos";"5018";"2185";"2833";"4885";"2112";"2773";"133";"73";"60"
"1";"Norte";"Amarela";"45 a 54 anos";"3685";"1657";"2028";"3493";"1572";"1921";"192";"85";"107"
"1";"Norte";"Amarela";"55 a 64 anos";"2756";"1311";"1445";"2521";"1203";"1318";"235";"108";"127"
"1";"Norte";"Amarela";"65 anos ou mais";"3493";"1756";"1737";"3058";"1554";"1504";"435";"202";"233"
"1";"Norte";"Parda";"Total";"8689862";"4281179";"4408683";"7996985";"3898981";"4098004";"692877";"382198";"310679"
"1";"Norte";"Parda";"15 a 19 anos";"1056004";"539560";"516444";"1034902";"525304";"509598";"21102";"14256";"6846"
"1";"Norte";"Parda";"20 a 24 anos";"1031918";"515662";"516256";"1010997";"501977";"509020";"20921";"13685";"7236"
"1";"Norte";"Parda";"25 a 34 anos";"1894967";"918782";"976185";"1843915";"885800";"958115";"51052";"32982";"18070"
"1";"Norte";"Parda";"35 a 44 anos";"1794406";"879577";"914829";"1696476";"820266";"876210";"97930";"59311";"38619"
"1";"Norte";"Parda";"45 a 54 anos";"1288524";"637934";"650590";"1156308";"561461";"594847";"132216";"76473";"55743"
"1";"Norte";"Parda";"55 a 64 anos";"873673";"428402";"445271";"726413";"350648";"375765";"147260";"77754";"69506"
"1";"Norte";"Parda";"65 anos ou mais";"750370";"361262";"389108";"527974";"253525";"274449";"222396";"107737";"114659"
"1";"Norte";"Indígena";"Total";"324661";"163737";"160924";"265991";"137944";"128047";"58670";"25793";"32877"
"1";"Norte";"Indígena";"15 a 19 anos";"59761";"30413";"29348";"54264";"27709";"26555";"5497";"2704";"2793"
"1";"Norte";"Indígena";"20 a 24 anos";"50263";"25357";"24906";"45603";"23165";"22438";"4660";"2192";"2468"
"1";"Norte";"Indígena";"25 a 34 anos";"74655";"37342";"37313";"66805";"33846";"32959";"7850";"3496";"4354"
"1";"Norte";"Indígena";"35 a 44 anos";"55467";"28106";"27361";"46307";"24296";"22011";"9160";"3810";"5350"
"1";"Norte";"Indígena";"45 a 54 anos";"36752";"18846";"17906";"27298";"14779";"12519";"9454";"4067";"5387"
"1";"Norte";"Indígena";"55 a 64 anos";"24050";"12160";"11890";"15332";"8381";"6951";"8718";"3779";"4939"
"1";"Norte";"Indígena";"65 anos ou mais";"23713";"11513";"12200";"10382";"5768";"4614";"13331";"5745";"7586"
"2";"Nordeste";"Total";"Total";"43108045";"20527920";"22580125";"36984056";"17233784";"19750272";"6123989";"3294136";"2829853"
"2";"Nordeste";"Total";"15 a 19 anos";"4244151";"2158973";"2085178";"4142140";"2086491";"2055649";"102011";"72482";"29529"
"2";"Nordeste";"Total";"20 a 24 anos";"4324396";"2154129";"2170267";"4210931";"2075314";"2135617";"113465";"78815";"34650"
"2";"Nordeste";"Total";"25 a 34 anos";"8278228";"3984824";"4293404";"7951797";"3764047";"4187750";"326431";"220777";"105654"
"2";"Nordeste";"Total";"35 a 44 anos";"8635152";"4133468";"4501684";"7818942";"3629928";"4189014";"816210";"503540";"312670"
"2";"Nordeste";"Total";"45 a 54 anos";"6799001";"3230714";"3568287";"5573113";"2524660";"3048453";"1225888";"706054";"519834"
"2";"Nordeste";"Total";"55 a 64 anos";"5296087";"2451853";"2844234";"3937118";"1740327";"2196791";"1358969";"711526";"647443"
"2";"Nordeste";"Total";"65 anos ou mais";"5531030";"2413959";"3117071";"3350015";"1413017";"1936998";"2181015";"1000942";"1180073"
"2";"Nordeste";"Branca";"Total";"11330819";"5227890";"6102929";"9998395";"4535864";"5462531";"1332424";"692026";"640398"
"2";"Nordeste";"Branca";"15 a 19 anos";"1091161";"540592";"550569";"1067504";"524640";"542864";"23657";"15952";"7705"
"2";"Nordeste";"Branca";"20 a 24 anos";"1083916";"535943";"547973";"1058471";"519279";"539192";"25445";"16664";"8781"
"2";"Nordeste";"Branca";"25 a 34 anos";"2033283";"976523";"1056760";"1965431";"932344";"1033087";"67852";"44179";"23673"
"2";"Nordeste";"Branca";"35 a 44 anos";"2157953";"1003622";"1154331";"1998490";"906427";"1092063";"159463";"97195";"62268"
"2";"Nordeste";"Branca";"45 a 54 anos";"1762842";"804005";"958837";"1517740";"664638";"853102";"245102";"139367";"105735"
"2";"Nordeste";"Branca";"55 a 64 anos";"1447036";"648313";"798723";"1170961";"504712";"666249";"276075";"143601";"132474"
"2";"Nordeste";"Branca";"65 anos ou mais";"1754628";"718892";"1035736";"1219798";"483824";"735974";"534830";"235068";"299762"
"2";"Nordeste";"Preta";"Total";"6075398";"3072746";"3002652";"5051449";"2507166";"2544283";"1023949";"565580";"458369"
"2";"Nordeste";"Preta";"15 a 19 anos";"499436";"262918";"236518";"486047";"253047";"233000";"13389";"9871";"3518"
"2";"Nordeste";"Preta";"20 a 24 anos";"585809";"304713";"281096";"569436";"292832";"276604";"16373";"11881";"4492"
"2";"Nordeste";"Preta";"25 a 34 anos";"1158798";"593989";"564809";"1109752";"559075";"550677";"49046";"34914";"14132"
"2";"Nordeste";"Preta";"35 a 44 anos";"1266634";"650937";"615697";"1136938";"567030";"569908";"129696";"83907";"45789"
"2";"Nordeste";"Preta";"45 a 54 anos";"1017495";"522851";"494644";"812232";"399766";"412466";"205263";"123085";"82178"
"2";"Nordeste";"Preta";"55 a 64 anos";"779354";"384567";"394787";"539450";"255895";"283555";"239904";"128672";"111232"
"2";"Nordeste";"Preta";"65 anos ou mais";"767872";"352771";"415101";"397594";"179521";"218073";"370278";"173250";"197028"
"2";"Nordeste";"Amarela";"Total";"57830";"23654";"34176";"50871";"20260";"30611";"6959";"3394";"3565"
"2";"Nordeste";"Amarela";"15 a 19 anos";"5084";"2138";"2946";"4987";"2075";"2912";"97";"63";"34"
"2";"Nordeste";"Amarela";"20 a 24 anos";"6003";"2377";"3626";"5886";"2296";"3590";"117";"81";"36"
"2";"Nordeste";"Amarela";"25 a 34 anos";"12072";"4751";"7321";"11676";"4518";"7158";"396";"233";"163"
"2";"Nordeste";"Amarela";"35 a 44 anos";"11966";"4751";"7215";"11046";"4271";"6775";"920";"480";"440"
"2";"Nordeste";"Amarela";"45 a 54 anos";"8464";"3385";"5079";"7076";"2680";"4396";"1388";"705";"683"
"2";"Nordeste";"Amarela";"55 a 64 anos";"6646";"2849";"3797";"5077";"2101";"2976";"1569";"748";"821"
"2";"Nordeste";"Amarela";"65 anos ou mais";"7595";"3403";"4192";"5123";"2319";"2804";"2472";"1084";"1388"
"2";"Nordeste";"Parda";"Total";"25401041";"12085492";"13315549";"21685891";"10075494";"11610397";"3715150";"2009998";"1705152"
"2";"Nordeste";"Parda";"15 a 19 anos";"2618597";"1338108";"1280489";"2555205";"1292382";"1262823";"63392";"45726";"17666"
"2";"Nordeste";"Parda";"20 a 24 anos";"2619809";"1296501";"1323308";"2549822";"1247211";"1302611";"69987";"49290";"20697"
"2";"Nordeste";"Parda";"25 a 34 anos";"5024951";"2385444";"2639507";"4819628";"2246231";"2573397";"205323";"139213";"66110"
"2";"Nordeste";"Parda";"35 a 44 anos";"5152346";"2451495";"2700851";"4633455";"2133514";"2499941";"518891";"317981";"200910"
"2";"Nordeste";"Parda";"45 a 54 anos";"3975214";"1883497";"2091717";"3209899";"1445357";"1764542";"765315";"438140";"327175"
"2";"Nordeste";"Parda";"55 a 64 anos";"3036349";"1403532";"1632817";"2204023";"969570";"1234453";"832326";"433962";"398364"
"2";"Nordeste";"Parda";"65 anos ou mais";"2973775";"1326915";"1646860";"1713859";"741229";"972630";"1259916";"585686";"674230"
"2";"Nordeste";"Indígena";"Total";"239669";"116018";"123651";"194398";"93014";"101384";"45271";"23004";"22267"
"2";"Nordeste";"Indígena";"15 a 19 anos";"29702";"15106";"14596";"28234";"14242";"13992";"1468";"864";"604"
"2";"Nordeste";"Indígena";"20 a 24 anos";"28350";"14186";"14164";"26814";"13294";"13520";"1536";"892";"644"
"2";"Nordeste";"Indígena";"25 a 34 anos";"48205";"23449";"24756";"44405";"21223";"23182";"3800";"2226";"1574"
"2";"Nordeste";"Indígena";"35 a 44 anos";"45546";"22230";"23316";"38339";"18274";"20065";"7207";"3956";"3251"
"2";"Nordeste";"Indígena";"45 a 54 anos";"34563";"16743";"17820";"25796";"12019";"13777";"8767";"4724";"4043"
"2";"Nordeste";"Indígena";"55 a 64 anos";"26399";"12429";"13970";"17359";"7916";"9443";"9040";"4513";"4527"
"2";"Nordeste";"Indígena";"65 anos ou mais";"26904";"11875";"15029";"13451";"6046";"7405";"13453";"5829";"7624"
"3";"Sudeste";"Total";"Total";"69559389";"33069198";"36490191";"66834250";"31799411";"35034839";"2725139";"1269787";"1455352"
"3";"Sudeste";"Total";"15 a 19 anos";"5489267";"2797766";"2691501";"5434238";"2761989";"2672249";"55029";"35777";"19252"
"3";"Sudeste";"Total";"20 a 24 anos";"6162437";"3104063";"3058374";"6103703";"3066629";"3037074";"58734";"37434";"21300"
"3";"Sudeste";"Total";"25 a 34 anos";"12680590";"6241975";"6438615";"12548193";"6157516";"6390677";"132397";"84459";"47938"
"3";"Sudeste";"Total";"35 a 44 anos";"13657027";"6592801";"7064226";"13419699";"6449381";"6970318";"237328";"143420";"93908"
"3";"Sudeste";"Total";"45 a 54 anos";"11436594";"5436939";"5999655";"11029349";"5215724";"5813625";"407245";"221215";"186030"
"3";"Sudeste";"Total";"55 a 64 anos";"9771022";"4503694";"5267328";"9206567";"4233129";"4973438";"564455";"270565";"293890"
"3";"Sudeste";"Total";"65 anos ou mais";"10362452";"4391960";"5970492";"9092501";"3915043";"5177458";"1269951";"476917";"793034"
"3";"Sudeste";"Branca";"Total";"34797087";"16041812";"18755275";"33845534";"15621443";"18224091";"951553";"420369";"531184"
"3";"Sudeste";"Branca";"15 a 19 anos";"2501987";"1249102";"1252885";"2480329";"1235555";"1244774";"21658";"13547";"8111"
"3";"Sudeste";"Branca";"20 a 24 anos";"2788330";"1369413";"1418917";"2766093";"1355982";"1410111";"22237";"13431";"8806"
"3";"Sudeste";"Branca";"25 a 34 anos";"5908201";"2837574";"3070627";"5861628";"2809539";"3052089";"46573";"28035";"18538"
"3";"Sudeste";"Branca";"35 a 44 anos";"6590996";"3085055";"3505941";"6516692";"3041515";"3475177";"74304";"43540";"30764"
"3";"Sudeste";"Branca";"45 a 54 anos";"5666002";"2608788";"3057214";"5543653";"2543644";"3000009";"122349";"65144";"57205"
"3";"Sudeste";"Branca";"55 a 64 anos";"5210920";"2356062";"2854858";"5034666";"2272425";"2762241";"176254";"83637";"92617"
"3";"Sudeste";"Branca";"65 anos ou mais";"6130651";"2535818";"3594833";"5642473";"2362783";"3279690";"488178";"173035";"315143"
"3";"Sudeste";"Preta";"Total";"7778585";"3872627";"3905958";"7328655";"3652987";"3675668";"449930";"219640";"230290"
"3";"Sudeste";"Preta";"15 a 19 anos";"585501";"306967";"278534";"578724";"302299";"276425";"6777";"4668";"2109"
"3";"Sudeste";"Preta";"20 a 24 anos";"744376";"389642";"354734";"736140";"383973";"352167";"8236";"5669";"2567"
"3";"Sudeste";"Preta";"25 a 34 anos";"1551973";"807497";"744476";"1531949";"793832";"738117";"20024";"13665";"6359"
"3";"Sudeste";"Preta";"35 a 44 anos";"1614149";"826108";"788041";"1574477";"800703";"773774";"39672";"25405";"14267"
"3";"Sudeste";"Preta";"45 a 54 anos";"1303348";"653556";"649792";"1232360";"613119";"619241";"70988";"40437";"30551"
"3";"Sudeste";"Preta";"55 a 64 anos";"1019307";"481947";"537360";"919974";"432706";"487268";"99333";"49241";"50092"
"3";"Sudeste";"Preta";"65 anos ou mais";"959931";"406910";"553021";"755031";"326355";"428676";"204900";"80555";"124345"
"3";"Sudeste";"Amarela";"Total";"512135";"241162";"270973";"504247";"237696";"266551";"7888";"3466";"4422"
"3";"Sudeste";"Amarela";"15 a 19 anos";"24947";"12429";"12518";"24762";"12314";"12448";"185";"115";"70"
"3";"Sudeste";"Amarela";"20 a 24 anos";"29028";"14090";"14938";"28802";"13960";"14842";"226";"130";"96"
"3";"Sudeste";"Amarela";"25 a 34 anos";"67025";"32882";"34143";"66333";"32489";"33844";"692";"393";"299"
"3";"Sudeste";"Amarela";"35 a 44 anos";"88631";"43053";"45578";"87657";"42532";"45125";"974";"521";"453"
"3";"Sudeste";"Amarela";"45 a 54 anos";"79342";"38220";"41122";"78258";"37695";"40563";"1084";"525";"559"
"3";"Sudeste";"Amarela";"55 a 64 anos";"77042";"36050";"40992";"75863";"35508";"40355";"1179";"542";"637"
"3";"Sudeste";"Amarela";"65 anos ou mais";"146120";"64438";"81682";"142572";"63198";"79374";"3548";"1240";"2308"
"3";"Sudeste";"Parda";"Total";"26377884";"12869542";"13508342";"25069563";"12246460";"12823103";"1308321";"623082";"685239"
"3";"Sudeste";"Parda";"15 a 19 anos";"2369203";"1225428";"1143775";"2343046";"1208111";"1134935";"26157";"17317";"8840"
"3";"Sudeste";"Parda";"20 a 24 anos";"2591662";"1326436";"1265226";"2563858";"1308356";"1255502";"27804";"18080";"9724"
"3";"Sudeste";"Parda";"25 a 34 anos";"5134983";"2554805";"2580178";"5070316";"2512681";"2557635";"64667";"42124";"22543"
"3";"Sudeste";"Parda";"35 a 44 anos";"5345196";"2629766";"2715430";"5223663";"2556263";"2667400";"121533";"73503";"48030"
"3";"Sudeste";"Parda";"45 a 54 anos";"4373096";"2129295";"2243801";"4161364";"2014754";"2146610";"211732";"114541";"97191"
"3";"Sudeste";"Parda";"55 a 64 anos";"3451432";"1624206";"1827226";"3165319";"1487764";"1677555";"286113";"136442";"149671"
"3";"Sudeste";"Parda";"65 anos ou mais";"3112312";"1379606";"1732706";"2541997";"1158531";"1383466";"570315";"221075";"349240"
"3";"Sudeste";"Indígena";"Total";"90364";"42350";"48014";"83050";"39188";"43862";"7314";"3162";"4152"
"3";"Sudeste";"Indígena";"15 a 19 anos";"7418";"3748";"3670";"7167";"3618";"3549";"251";"130";"121"
"3";"Sudeste";"Indígena";"20 a 24 anos";"8712";"4281";"4431";"8486";"4162";"4324";"226";"119";"107"
"3";"Sudeste";"Indígena";"25 a 34 anos";"17715";"8821";"8894";"17284";"8586";"8698";"431";"235";"196"
"3";"Sudeste";"Indígena";"35 a 44 anos";"17341";"8426";"8915";"16509";"7982";"8527";"832";"444";"388"
"3";"Sudeste";"Indígena";"45 a 54 anos";"14283";"6832";"7451";"13207";"6272";"6935";"1076";"560";"516"
"3";"Sudeste";"Indígena";"55 a 64 anos";"11900";"5223";"6677";"10350";"4533";"5817";"1550";"690";"860"
"3";"Sudeste";"Indígena";"65 anos ou mais";"12995";"5019";"7976";"10047";"4035";"6012";"2948";"984";"1964"
"4";"Sul";"Total";"Total";"24412689";"11761458";"12651231";"23570354";"11374148";"12196206";"842335";"387310";"455025"
"4";"Sul";"Total";"15 a 19 anos";"1910723";"972409";"938314";"1893285";"961464";"931821";"17438";"10945";"6493"
"4";"Sul";"Total";"20 a 24 anos";"2176769";"1098829";"1077940";"2158121";"1087172";"1070949";"18648";"11657";"6991"
"4";"Sul";"Total";"25 a 34 anos";"4597880";"2281427";"2316453";"4557671";"2256761";"2300910";"40209";"24666";"15543"
"4";"Sul";"Total";"35 a 44 anos";"4636881";"2273779";"2363102";"4572715";"2237033";"2335682";"64166";"36746";"27420"
"4";"Sul";"Total";"45 a 54 anos";"3937695";"1900771";"2036924";"3820948";"1840576";"1980372";"116747";"60195";"56552"
"4";"Sul";"Total";"55 a 64 anos";"3527532";"1657625";"1869907";"3350924";"1574484";"1776440";"176608";"83141";"93467"
"4";"Sul";"Total";"65 anos ou mais";"3625209";"1576618";"2048591";"3216690";"1416658";"1800032";"408519";"159960";"248559"
"4";"Sul";"Branca";"Total";"17780348";"8414032";"9366316";"17308149";"8197493";"9110656";"472199";"216539";"255660"
"4";"Sul";"Branca";"15 a 19 anos";"1307958";"658308";"649650";"1296917";"651543";"645374";"11041";"6765";"4276"
"4";"Sul";"Branca";"20 a 24 anos";"1476541";"731814";"744727";"1465098";"724838";"740260";"11443";"6976";"4467"
"4";"Sul";"Branca";"25 a 34 anos";"3193490";"1556541";"1636949";"3170068";"1542512";"1627556";"23422";"14029";"9393"
"4";"Sul";"Branca";"35 a 44 anos";"3332201";"1604345";"1727856";"3299195";"1585385";"1713810";"33006";"18960";"14046"
"4";"Sul";"Branca";"45 a 54 anos";"2871357";"1363948";"1507409";"2812819";"1332952";"1479867";"58538";"30996";"27542"
"4";"Sul";"Branca";"55 a 64 anos";"2700366";"1255423";"1444943";"2608794";"1210852";"1397942";"91572";"44571";"47001"
"4";"Sul";"Branca";"65 anos ou mais";"2898435";"1243653";"1654782";"2655258";"1149411";"1505847";"243177";"94242";"148935"
"4";"Sul";"Preta";"Total";"1294364";"661314";"633050";"1218383";"624684";"593699";"75981";"36630";"39351"
"4";"Sul";"Preta";"15 a 19 anos";"94821";"50312";"44509";"93670";"49569";"44101";"1151";"743";"408"
"4";"Sul";"Preta";"20 a 24 anos";"125969";"67837";"58132";"124473";"66844";"57629";"1496";"993";"503"
"4";"Sul";"Preta";"25 a 34 anos";"277027";"147885";"129142";"273247";"145412";"127835";"3780";"2473";"1307"
"4";"Sul";"Preta";"35 a 44 anos";"269187";"141085";"128102";"262558";"137066";"125492";"6629";"4019";"2610"
"4";"Sul";"Preta";"45 a 54 anos";"212464";"108699";"103765";"201017";"102602";"98415";"11447";"6097";"5350"
"4";"Sul";"Preta";"55 a 64 anos";"166238";"80372";"85866";"149103";"72123";"76980";"17135";"8249";"8886"
"4";"Sul";"Preta";"65 anos ou mais";"148658";"65124";"83534";"114315";"51068";"63247";"34343";"14056";"20287"
"4";"Sul";"Amarela";"Total";"107064";"51644";"55420";"105424";"50936";"54488";"1640";"708";"932"
"4";"Sul";"Amarela";"15 a 19 anos";"6239";"3089";"3150";"6201";"3063";"3138";"38";"26";"12"
"4";"Sul";"Amarela";"20 a 24 anos";"7764";"3848";"3916";"7706";"3812";"3894";"58";"36";"22"
"4";"Sul";"Amarela";"25 a 34 anos";"15530";"7686";"7844";"15412";"7621";"7791";"118";"65";"53"
"4";"Sul";"Amarela";"35 a 44 anos";"18568";"9393";"9175";"18428";"9318";"9110";"140";"75";"65"
"4";"Sul";"Amarela";"45 a 54 anos";"16504";"7958";"8546";"16313";"7857";"8456";"191";"101";"90"
"4";"Sul";"Amarela";"55 a 64 anos";"15652";"7500";"8152";"15383";"7385";"7998";"269";"115";"154"
"4";"Sul";"Amarela";"65 anos ou mais";"26807";"12170";"14637";"25981";"11880";"14101";"826";"290";"536"
"4";"Sul";"Parda";"Total";"5170830";"2604761";"2566069";"4884636";"2473808";"2410828";"286194";"130953";"155241"
"4";"Sul";"Parda";"15 a 19 anos";"494038";"256798";"237240";"488972";"253473";"235499";"5066";"3325";"1741"
"4";"Sul";"Parda";"20 a 24 anos";"557725";"290932";"266793";"552294";"287391";"264903";"5431";"3541";"1890"
"4";"Sul";"Parda";"25 a 34 anos";"1098272";"562511";"535761";"1085880";"554645";"531235";"12392";"7866";"4526"
"4";"Sul";"Parda";"35 a 44 anos";"1006365";"513718";"492647";"982867";"500368";"482499";"23498";"13350";"10148"
"4";"Sul";"Parda";"45 a 54 anos";"829495";"416236";"413259";"784171";"393718";"390453";"45324";"22518";"22806"
"4";"Sul";"Parda";"55 a 64 anos";"639243";"311357";"327886";"572872";"281628";"291244";"66371";"29729";"36642"
"4";"Sul";"Parda";"65 anos ou mais";"545692";"253209";"292483";"417580";"202585";"214995";"128112";"50624";"77488"
"4";"Sul";"Indígena";"Total";"59414";"29362";"30052";"53109";"26887";"26222";"6305";"2475";"3830"
"4";"Sul";"Indígena";"15 a 19 anos";"7629";"3883";"3746";"7487";"3797";"3690";"142";"86";"56"
"4";"Sul";"Indígena";"20 a 24 anos";"8696";"4362";"4334";"8477";"4251";"4226";"219";"111";"108"
"4";"Sul";"Indígena";"25 a 34 anos";"13389";"6710";"6679";"12893";"6478";"6415";"496";"232";"264"
"4";"Sul";"Indígena";"35 a 44 anos";"10446";"5175";"5271";"9554";"4834";"4720";"892";"341";"551"
"4";"Sul";"Indígena";"45 a 54 anos";"7763";"3882";"3881";"6520";"3400";"3120";"1243";"482";"761"
"4";"Sul";"Indígena";"55 a 64 anos";"5948";"2925";"3023";"4692";"2450";"2242";"1256";"475";"781"
"4";"Sul";"Indígena";"65 anos ou mais";"5543";"2425";"3118";"3486";"1677";"1809";"2057";"748";"1309"
"5";"Centro-Oeste";"Total";"Total";"12887538";"6274277";"6613261";"12235201";"5939915";"6295286";"652337";"334362";"317975"
"5";"Centro-Oeste";"Total";"15 a 19 anos";"1186422";"602653";"583769";"1174110";"594724";"579386";"12312";"7929";"4383"
"5";"Centro-Oeste";"Total";"20 a 24 anos";"1278764";"644319";"634445";"1265410";"635700";"629710";"13354";"8619";"4735"
"5";"Centro-Oeste";"Total";"25 a 34 anos";"2607753";"1290011";"1317742";"2577074";"1270337";"1306737";"30679";"19674";"11005"
"5";"Centro-Oeste";"Total";"35 a 44 anos";"2666600";"1301109";"1365491";"2603942";"1263114";"1340828";"62658";"37995";"24663"
"5";"Centro-Oeste";"Total";"45 a 54 anos";"2127728";"1030017";"1097711";"2019715";"968946";"1050769";"108013";"61071";"46942"
"5";"Centro-Oeste";"Total";"55 a 64 anos";"1576336";"747519";"828817";"1430510";"673653";"756857";"145826";"73866";"71960"
"5";"Centro-Oeste";"Total";"65 anos ou mais";"1443935";"658649";"785286";"1164440";"533441";"630999";"279495";"125208";"154287"
"5";"Centro-Oeste";"Branca";"Total";"4758440";"2236979";"2521461";"4581688";"2150748";"2430940";"176752";"86231";"90521"
"5";"Centro-Oeste";"Branca";"15 a 19 anos";"402999";"199531";"203468";"399481";"197382";"202099";"3518";"2149";"1369"
"5";"Centro-Oeste";"Branca";"20 a 24 anos";"427219";"209384";"217835";"423645";"207260";"216385";"3574";"2124";"1450"
"5";"Centro-Oeste";"Branca";"25 a 34 anos";"886398";"427183";"459215";"878666";"422491";"456175";"7732";"4692";"3040"
"5";"Centro-Oeste";"Branca";"35 a 44 anos";"947394";"443592";"503802";"933464";"435324";"498140";"13930";"8268";"5662"
"5";"Centro-Oeste";"Branca";"45 a 54 anos";"786323";"366100";"420223";"761512";"352159";"409353";"24811";"13941";"10870"
"5";"Centro-Oeste";"Branca";"55 a 64 anos";"641330";"297568";"343762";"605212";"279420";"325792";"36118";"18148";"17970"
"5";"Centro-Oeste";"Branca";"65 anos ou mais";"666777";"293621";"373156";"579708";"256712";"322996";"87069";"36909";"50160"
"5";"Centro-Oeste";"Preta";"Total";"1290702";"692579";"598123";"1190299";"636284";"554015";"100403";"56295";"44108"
"5";"Centro-Oeste";"Preta";"15 a 19 anos";"102673";"55488";"47185";"101522";"54684";"46838";"1151";"804";"347"
"5";"Centro-Oeste";"Preta";"20 a 24 anos";"131166";"72010";"59156";"129693";"70952";"58741";"1473";"1058";"415"
"5";"Centro-Oeste";"Preta";"25 a 34 anos";"275894";"152149";"123745";"271872";"149188";"122684";"4022";"2961";"1061"
"5";"Centro-Oeste";"Preta";"35 a 44 anos";"281816";"153652";"128164";"271919";"146929";"124990";"9897";"6723";"3174"
"5";"Centro-Oeste";"Preta";"45 a 54 anos";"220659";"118791";"101868";"202623";"107638";"94985";"18036";"11153";"6883"
"5";"Centro-Oeste";"Preta";"55 a 64 anos";"151821";"78427";"73394";"127367";"65053";"62314";"24454";"13374";"11080"
"5";"Centro-Oeste";"Preta";"65 anos ou mais";"126673";"62062";"64611";"85303";"41840";"43463";"41370";"20222";"21148"
"5";"Centro-Oeste";"Amarela";"Total";"52090";"24254";"27836";"50903";"23692";"27211";"1187";"562";"625"
"5";"Centro-Oeste";"Amarela";"15 a 19 anos";"3464";"1682";"1782";"3436";"1668";"1768";"28";"14";"14"
"5";"Centro-Oeste";"Amarela";"20 a 24 anos";"4247";"1951";"2296";"4218";"1934";"2284";"29";"17";"12"
"5";"Centro-Oeste";"Amarela";"25 a 34 anos";"8908";"4043";"4865";"8833";"4004";"4829";"75";"39";"36"
"5";"Centro-Oeste";"Amarela";"35 a 44 anos";"10465";"4731";"5734";"10339";"4658";"5681";"126";"73";"53"
"5";"Centro-Oeste";"Amarela";"45 a 54 anos";"8584";"3964";"4620";"8395";"3866";"4529";"189";"98";"91"
"5";"Centro-Oeste";"Amarela";"55 a 64 anos";"6899";"3274";"3625";"6685";"3172";"3513";"214";"102";"112"
"5";"Centro-Oeste";"Amarela";"65 anos ou mais";"9523";"4609";"4914";"8997";"4390";"4607";"526";"219";"307"
"5";"Centro-Oeste";"Parda";"Total";"6675398";"3266067";"3409331";"6316313";"3080670";"3235643";"359085";"185397";"173688"
"5";"Centro-Oeste";"Parda";"15 a 19 anos";"658541";"336437";"322104";"651624";"331788";"319836";"6917";"4649";"2268"
"5";"Centro-Oeste";"Parda";"20 a 24 anos";"699499";"352653";"346846";"691919";"347529";"344390";"7580";"5124";"2456"
"5";"Centro-Oeste";"Parda";"25 a 34 anos";"1411053";"694156";"716897";"1393788";"682757";"711031";"17265";"11399";"5866"
"5";"Centro-Oeste";"Parda";"35 a 44 anos";"1407611";"689777";"717834";"1371382";"667690";"703692";"36229";"22087";"14142"
"5";"Centro-Oeste";"Parda";"45 a 54 anos";"1098848";"534508";"564340";"1036593";"499696";"536897";"62255";"34812";"27443"
"5";"Centro-Oeste";"Parda";"55 a 64 anos";"767839";"364206";"403633";"685234";"323030";"362204";"82605";"41176";"41429"
"5";"Centro-Oeste";"Parda";"65 anos ou mais";"632007";"294330";"337677";"485773";"228180";"257593";"146234";"66150";"80084"
"5";"Centro-Oeste";"Indígena";"Total";"110526";"54199";"56327";"95635";"48330";"47305";"14891";"5869";"9022"
"5";"Centro-Oeste";"Indígena";"15 a 19 anos";"18726";"9501";"9225";"18028";"9188";"8840";"698";"313";"385"
"5";"Centro-Oeste";"Indígena";"20 a 24 anos";"16600";"8310";"8290";"15902";"8014";"7888";"698";"296";"402"
"5";"Centro-Oeste";"Indígena";"25 a 34 anos";"25392";"12425";"12967";"23808";"11843";"11965";"1584";"582";"1002"
"5";"Centro-Oeste";"Indígena";"35 a 44 anos";"19221";"9304";"9917";"16748";"8462";"8286";"2473";"842";"1631"
"5";"Centro-Oeste";"Indígena";"45 a 54 anos";"13256";"6627";"6629";"10536";"5561";"4975";"2720";"1066";"1654"
"5";"Centro-Oeste";"Indígena";"55 a 64 anos";"8416";"4028";"4388";"5986";"2963";"3023";"2430";"1065";"1365"
"5";"Centro-Oeste";"Indígena";"65 anos ou mais";"8915";"4004";"4911";"4627";"2299";"2328";"4288";"1705";"2583"
"11";"Rondônia";"Total";"Total";"1233044";"610681";"622363";"1153509";"571311";"582198";"79535";"39370";"40165"
"11";"Rondônia";"Total";"15 a 19 anos";"122058";"61942";"60116";"120589";"60971";"59618";"1469";"971";"498"
"11";"Rondônia";"Total";"20 a 24 anos";"124515";"62155";"62360";"122969";"61150";"61819";"1546";"1005";"541"
"11";"Rondônia";"Total";"25 a 34 anos";"251290";"123646";"127644";"247949";"121565";"126384";"3341";"2081";"1260"
"11";"Rondônia";"Total";"35 a 44 anos";"251957";"122916";"129041";"245693";"119301";"126392";"6264";"3615";"2649"
"11";"Rondônia";"Total";"45 a 54 anos";"202633";"99775";"102858";"190818";"93438";"97380";"11815";"6337";"5478"
"11";"Rondônia";"Total";"55 a 64 anos";"152320";"76502";"75818";"133082";"67177";"65905";"19238";"9325";"9913"
"11";"Rondônia";"Total";"65 anos ou mais";"128271";"63745";"64526";"92409";"47709";"44700";"35862";"16036";"19826"
"11";"Rondônia";"Branca";"Total";"377505";"182204";"195301";"357346";"172801";"184545";"20159";"9403";"10756"
"11";"Rondônia";"Branca";"15 a 19 anos";"34607";"17084";"17523";"34245";"16855";"17390";"362";"229";"133"
"11";"Rondônia";"Branca";"20 a 24 anos";"34891";"16986";"17905";"34488";"16747";"17741";"403";"239";"164"
"11";"Rondônia";"Branca";"25 a 34 anos";"71865";"34904";"36961";"71035";"34421";"36614";"830";"483";"347"
"11";"Rondônia";"Branca";"35 a 44 anos";"73122";"34406";"38716";"71820";"33671";"38149";"1302";"735";"567"
"11";"Rondônia";"Branca";"45 a 54 anos";"63200";"30159";"33041";"60583";"28730";"31853";"2617";"1429";"1188"
"11";"Rondônia";"Branca";"55 a 64 anos";"51788";"25690";"26098";"47302";"23594";"23708";"4486";"2096";"2390"
"11";"Rondônia";"Branca";"65 anos ou mais";"48032";"22975";"25057";"37873";"18783";"19090";"10159";"4192";"5967"
"11";"Rondônia";"Preta";"Total";"119320";"66437";"52883";"107642";"60019";"47623";"11678";"6418";"5260"
"11";"Rondônia";"Preta";"15 a 19 anos";"8862";"4918";"3944";"8725";"4820";"3905";"137";"98";"39"
"11";"Rondônia";"Preta";"20 a 24 anos";"10999";"6189";"4810";"10821";"6048";"4773";"178";"141";"37"
"11";"Rondônia";"Preta";"25 a 34 anos";"23643";"13129";"10514";"23266";"12864";"10402";"377";"265";"112"
"11";"Rondônia";"Preta";"35 a 44 anos";"25631";"14420";"11211";"24746";"13863";"10883";"885";"557";"328"
"11";"Rondônia";"Preta";"45 a 54 anos";"20987";"11754";"9233";"19213";"10704";"8509";"1774";"1050";"724"
"11";"Rondônia";"Preta";"55 a 64 anos";"15831";"8730";"7101";"12801";"7102";"5699";"3030";"1628";"1402"
"11";"Rondônia";"Preta";"65 anos ou mais";"13367";"7297";"6070";"8070";"4618";"3452";"5297";"2679";"2618"
"11";"Rondônia";"Amarela";"Total";"3648";"1654";"1994";"3521";"1592";"1929";"127";"62";"65"
"11";"Rondônia";"Amarela";"15 a 19 anos";"280";"124";"156";"277";"123";"154";"3";"1";"2"
"11";"Rondônia";"Amarela";"20 a 24 anos";"306";"149";"157";"304";"147";"157";"2";"2";"-"
"11";"Rondônia";"Amarela";"25 a 34 anos";"753";"331";"422";"748";"329";"419";"5";"2";"3"
"11";"Rondônia";"Amarela";"35 a 44 anos";"782";"330";"452";"768";"326";"442";"14";"4";"10"
"11";"Rondônia";"Amarela";"45 a 54 anos";"521";"217";"304";"515";"214";"301";"6";"3";"3"
"11";"Rondônia";"Amarela";"55 a 64 anos";"519";"241";"278";"484";"222";"262";"35";"19";"16"
"11";"Rondônia";"Amarela";"65 anos ou mais";"487";"262";"225";"425";"231";"194";"62";"31";"31"
"11";"Rondônia";"Parda";"Total";"721272";"354657";"366615";"675199";"331809";"343390";"46073";"22848";"23225"
"11";"Rondônia";"Parda";"15 a 19 anos";"76315";"38789";"37526";"75395";"38171";"37224";"920";"618";"302"
"11";"Rondônia";"Parda";"20 a 24 anos";"76645";"37964";"38681";"75724";"37361";"38363";"921";"603";"318"
"11";"Rondônia";"Parda";"25 a 34 anos";"152359";"73927";"78432";"150326";"72646";"77680";"2033";"1281";"752"
"11";"Rondônia";"Parda";"35 a 44 anos";"150536";"72799";"77737";"146631";"70540";"76091";"3905";"2259";"1646"
"11";"Rondônia";"Parda";"45 a 54 anos";"116589";"56988";"59601";"109482";"53244";"56238";"7107";"3744";"3363"
"11";"Rondônia";"Parda";"55 a 64 anos";"83314";"41406";"41908";"71939";"35952";"35987";"11375";"5454";"5921"
"11";"Rondônia";"Parda";"65 anos ou mais";"65514";"32784";"32730";"45702";"23895";"21807";"19812";"8889";"10923"
"11";"Rondônia";"Indígena";"Total";"11268";"5716";"5552";"9774";"5078";"4696";"1494";"638";"856"
"11";"Rondônia";"Indígena";"15 a 19 anos";"1993";"1027";"966";"1946";"1002";"944";"47";"25";"22"
"11";"Rondônia";"Indígena";"20 a 24 anos";"1670";"865";"805";"1628";"845";"783";"42";"20";"22"
"11";"Rondônia";"Indígena";"25 a 34 anos";"2664";"1353";"1311";"2569";"1303";"1266";"95";"50";"45"
"11";"Rondônia";"Indígena";"35 a 44 anos";"1878";"957";"921";"1720";"897";"823";"158";"60";"98"
"11";"Rondônia";"Indígena";"45 a 54 anos";"1331";"655";"676";"1020";"544";"476";"311";"111";"200"
"11";"Rondônia";"Indígena";"55 a 64 anos";"866";"434";"432";"555";"306";"249";"311";"128";"183"
"11";"Rondônia";"Indígena";"65 anos ou mais";"866";"425";"441";"336";"181";"155";"530";"244";"286"
"12";"Acre";"Total";"Total";"608858";"302193";"306665";"535023";"262400";"272623";"73835";"39793";"34042"
"12";"Acre";"Total";"15 a 19 anos";"78689";"40435";"38254";"76811";"39274";"37537";"1878";"1161";"717"
"12";"Acre";"Total";"20 a 24 anos";"77247";"39152";"38095";"75138";"37889";"37249";"2109";"1263";"846"
"12";"Acre";"Total";"25 a 34 anos";"131630";"64611";"67019";"126233";"61375";"64858";"5397";"3236";"2161"
"12";"Acre";"Total";"35 a 44 anos";"123331";"60594";"62737";"111488";"54036";"57452";"11843";"6558";"5285"
"12";"Acre";"Total";"45 a 54 anos";"87454";"43490";"43964";"71745";"34827";"36918";"15709";"8663";"7046"
"12";"Acre";"Total";"55 a 64 anos";"57937";"28395";"29542";"42626";"20428";"22198";"15311";"7967";"7344"
"12";"Acre";"Total";"65 anos ou mais";"52570";"25516";"27054";"30982";"14571";"16411";"21588";"10945";"10643"
"12";"Acre";"Branca";"Total";"125551";"59786";"65765";"113838";"53531";"60307";"11713";"6255";"5458"
"12";"Acre";"Branca";"15 a 19 anos";"17204";"8441";"8763";"16835";"8208";"8627";"369";"233";"136"
"12";"Acre";"Branca";"20 a 24 anos";"15937";"7797";"8140";"15587";"7591";"7996";"350";"206";"144"
"12";"Acre";"Branca";"25 a 34 anos";"26259";"12599";"13660";"25455";"12078";"13377";"804";"521";"283"
"12";"Acre";"Branca";"35 a 44 anos";"24496";"11217";"13279";"22765";"10266";"12499";"1731";"951";"780"
"12";"Acre";"Branca";"45 a 54 anos";"17273";"8163";"9110";"15077";"6954";"8123";"2196";"1209";"987"
"12";"Acre";"Branca";"55 a 64 anos";"11927";"5705";"6222";"9627";"4530";"5097";"2300";"1175";"1125"
"12";"Acre";"Branca";"65 anos ou mais";"12455";"5864";"6591";"8492";"3904";"4588";"3963";"1960";"2003"
"12";"Acre";"Preta";"Total";"58888";"32905";"25983";"49190";"27266";"21924";"9698";"5639";"4059"
"12";"Acre";"Preta";"15 a 19 anos";"6149";"3374";"2775";"6022";"3286";"2736";"127";"88";"39"
"12";"Acre";"Preta";"20 a 24 anos";"6910";"3944";"2966";"6710";"3810";"2900";"200";"134";"66"
"12";"Acre";"Preta";"25 a 34 anos";"12119";"6852";"5267";"11598";"6503";"5095";"521";"349";"172"
"12";"Acre";"Preta";"35 a 44 anos";"12191";"6874";"5317";"10733";"5973";"4760";"1458";"901";"557"
"12";"Acre";"Preta";"45 a 54 anos";"9354";"5282";"4072";"7162";"3980";"3182";"2192";"1302";"890"
"12";"Acre";"Preta";"55 a 64 anos";"6419";"3573";"2846";"4225";"2313";"1912";"2194";"1260";"934"
"12";"Acre";"Preta";"65 anos ou mais";"5746";"3006";"2740";"2740";"1401";"1339";"3006";"1605";"1401"
"12";"Acre";"Amarela";"Total";"1541";"649";"892";"1393";"579";"814";"148";"70";"78"
"12";"Acre";"Amarela";"15 a 19 anos";"168";"73";"95";"165";"73";"92";"3";"-";"3"
"12";"Acre";"Amarela";"20 a 24 anos";"210";"95";"115";"204";"92";"112";"6";"3";"3"
"12";"Acre";"Amarela";"25 a 34 anos";"338";"129";"209";"328";"124";"204";"10";"5";"5"
"12";"Acre";"Amarela";"35 a 44 anos";"348";"146";"202";"322";"129";"193";"26";"17";"9"
"12";"Acre";"Amarela";"45 a 54 anos";"196";"76";"120";"152";"55";"97";"44";"21";"23"
"12";"Acre";"Amarela";"55 a 64 anos";"143";"66";"77";"112";"53";"59";"31";"13";"18"
"12";"Acre";"Amarela";"65 anos ou mais";"138";"64";"74";"110";"53";"57";"28";"11";"17"
"12";"Acre";"Parda";"Total";"407137";"200914";"206223";"358663";"174567";"184096";"48474";"26347";"22127"
"12";"Acre";"Parda";"15 a 19 anos";"51774";"26882";"24892";"50734";"26187";"24547";"1040";"695";"345"
"12";"Acre";"Parda";"20 a 24 anos";"51436";"25856";"25580";"50217";"25054";"25163";"1219";"802";"417"
"12";"Acre";"Parda";"25 a 34 anos";"89255";"43192";"46063";"85803";"41068";"44735";"3452";"2124";"1328"
"12";"Acre";"Parda";"35 a 44 anos";"83749";"41055";"42694";"75798";"36610";"39188";"7951";"4445";"3506"
"12";"Acre";"Parda";"45 a 54 anos";"59050";"29174";"29876";"48433";"23281";"25152";"10617";"5893";"4724"
"12";"Acre";"Parda";"55 a 64 anos";"38653";"18627";"20026";"28290";"13305";"14985";"10363";"5322";"5041"
"12";"Acre";"Parda";"65 anos ou mais";"33220";"16128";"17092";"19388";"9062";"10326";"13832";"7066";"6766"
"12";"Acre";"Indígena";"Total";"15733";"7935";"7798";"11932";"6454";"5478";"3801";"1481";"2320"
"12";"Acre";"Indígena";"15 a 19 anos";"3392";"1664";"1728";"3053";"1519";"1534";"339";"145";"194"
"12";"Acre";"Indígena";"20 a 24 anos";"2753";"1459";"1294";"2419";"1341";"1078";"334";"118";"216"
"12";"Acre";"Indígena";"25 a 34 anos";"3658";"1839";"1819";"3048";"1602";"1446";"610";"237";"373"
"12";"Acre";"Indígena";"35 a 44 anos";"2546";"1302";"1244";"1869";"1058";"811";"677";"244";"433"
"12";"Acre";"Indígena";"45 a 54 anos";"1580";"794";"786";"921";"557";"364";"659";"237";"422"
"12";"Acre";"Indígena";"55 a 64 anos";"793";"423";"370";"370";"226";"144";"423";"197";"226"
"12";"Acre";"Indígena";"65 anos ou mais";"1011";"454";"557";"252";"151";"101";"759";"303";"456"
"13";"Amazonas";"Total";"Total";"2866187";"1418417";"1447770";"2667211";"1314789";"1352422";"198976";"103628";"95348"
"13";"Amazonas";"Total";"15 a 19 anos";"367978";"187167";"180811";"359410";"181833";"177577";"8568";"5334";"3234"
"13";"Amazonas";"Total";"20 a 24 anos";"362878";"182347";"180531";"354535";"177415";"177120";"8343";"4932";"3411"
"13";"Amazonas";"Total";"25 a 34 anos";"629230";"310585";"318645";"611797";"300431";"311366";"17433";"10154";"7279"
"13";"Amazonas";"Total";"35 a 44 anos";"582063";"287405";"294658";"553337";"271553";"281784";"28726";"15852";"12874"
"13";"Amazonas";"Total";"45 a 54 anos";"414805";"206250";"208555";"378585";"186661";"191924";"36220";"19589";"16631"
"13";"Amazonas";"Total";"55 a 64 anos";"275625";"135791";"139834";"236032";"115922";"120110";"39593";"19869";"19724"
"13";"Amazonas";"Total";"65 anos ou mais";"233608";"108872";"124736";"173515";"80974";"92541";"60093";"27898";"32195"
"13";"Amazonas";"Branca";"Total";"521562";"243879";"277683";"495784";"230809";"264975";"25778";"13070";"12708"
"13";"Amazonas";"Branca";"15 a 19 anos";"65142";"31393";"33749";"63995";"30666";"33329";"1147";"727";"420"
"13";"Amazonas";"Branca";"20 a 24 anos";"64437";"31308";"33129";"63306";"30668";"32638";"1131";"640";"491"
"13";"Amazonas";"Branca";"25 a 34 anos";"110470";"53143";"57327";"108270";"51885";"56385";"2200";"1258";"942"
"13";"Amazonas";"Branca";"35 a 44 anos";"103019";"47515";"55504";"99602";"45614";"53988";"3417";"1901";"1516"
"13";"Amazonas";"Branca";"45 a 54 anos";"75489";"34618";"40871";"71107";"32286";"38821";"4382";"2332";"2050"
"13";"Amazonas";"Branca";"55 a 64 anos";"52804";"24440";"28364";"47947";"22017";"25930";"4857";"2423";"2434"
"13";"Amazonas";"Branca";"65 anos ou mais";"50201";"21462";"28739";"41557";"17673";"23884";"8644";"3789";"4855"
"13";"Amazonas";"Preta";"Total";"163443";"95572";"67871";"147214";"85846";"61368";"16229";"9726";"6503"
"13";"Amazonas";"Preta";"15 a 19 anos";"14921";"8593";"6328";"14610";"8367";"6243";"311";"226";"85"
"13";"Amazonas";"Preta";"20 a 24 anos";"17518";"10243";"7275";"17124";"9965";"7159";"394";"278";"116"
"13";"Amazonas";"Preta";"25 a 34 anos";"34127";"20004";"14123";"33131";"19330";"13801";"996";"674";"322"
"13";"Amazonas";"Preta";"35 a 44 anos";"35199";"20785";"14414";"32951";"19297";"13654";"2248";"1488";"760"
"13";"Amazonas";"Preta";"45 a 54 anos";"27321";"16528";"10793";"24147";"14484";"9663";"3174";"2044";"1130"
"13";"Amazonas";"Preta";"55 a 64 anos";"18778";"10976";"7802";"15033";"8836";"6197";"3745";"2140";"1605"
"13";"Amazonas";"Preta";"65 anos ou mais";"15579";"8443";"7136";"10218";"5567";"4651";"5361";"2876";"2485"
"13";"Amazonas";"Amarela";"Total";"5025";"2383";"2642";"4871";"2326";"2545";"154";"57";"97"
"13";"Amazonas";"Amarela";"15 a 19 anos";"454";"192";"262";"450";"191";"259";"4";"1";"3"
"13";"Amazonas";"Amarela";"20 a 24 anos";"456";"193";"263";"449";"190";"259";"7";"3";"4"
"13";"Amazonas";"Amarela";"25 a 34 anos";"959";"422";"537";"950";"419";"531";"9";"3";"6"
"13";"Amazonas";"Amarela";"35 a 44 anos";"1015";"485";"530";"1004";"479";"525";"11";"6";"5"
"13";"Amazonas";"Amarela";"45 a 54 anos";"891";"426";"465";"866";"420";"446";"25";"6";"19"
"13";"Amazonas";"Amarela";"55 a 64 anos";"554";"300";"254";"524";"287";"237";"30";"13";"17"
"13";"Amazonas";"Amarela";"65 anos ou mais";"696";"365";"331";"628";"340";"288";"68";"25";"43"
"13";"Amazonas";"Parda";"Total";"1989409";"981809";"1007600";"1865164";"915632";"949532";"124245";"66177";"58068"
"13";"Amazonas";"Parda";"15 a 19 anos";"253960";"129763";"124197";"249196";"126599";"122597";"4764";"3164";"1600"
"13";"Amazonas";"Parda";"20 a 24 anos";"252018";"126299";"125719";"247303";"123302";"124001";"4715";"2997";"1718"
"13";"Amazonas";"Parda";"25 a 34 anos";"440984";"215637";"225347";"430790";"209300";"221490";"10194";"6337";"3857"
"13";"Amazonas";"Parda";"35 a 44 anos";"410627";"202208";"208419";"392742";"191972";"200770";"17885";"10236";"7649"
"13";"Amazonas";"Parda";"45 a 54 anos";"289850";"143589";"146261";"266745";"130849";"135896";"23105";"12740";"10365"
"13";"Amazonas";"Parda";"55 a 64 anos";"188891";"92635";"96256";"163346";"79684";"83662";"25545";"12951";"12594"
"13";"Amazonas";"Parda";"65 anos ou mais";"153079";"71678";"81401";"115042";"53926";"61116";"38037";"17752";"20285"
"13";"Amazonas";"Indígena";"Total";"186650";"94727";"91923";"154089";"80135";"73954";"32561";"14592";"17969"
"13";"Amazonas";"Indígena";"15 a 19 anos";"33496";"17223";"16273";"31154";"16007";"15147";"2342";"1216";"1126"
"13";"Amazonas";"Indígena";"20 a 24 anos";"28439";"14301";"14138";"26343";"13287";"13056";"2096";"1014";"1082"
"13";"Amazonas";"Indígena";"25 a 34 anos";"42663";"21362";"21301";"38631";"19482";"19149";"4032";"1880";"2152"
"13";"Amazonas";"Indígena";"35 a 44 anos";"32180";"16402";"15778";"27016";"14181";"12835";"5164";"2221";"2943"
"13";"Amazonas";"Indígena";"45 a 54 anos";"21239";"11082";"10157";"15707";"8617";"7090";"5532";"2465";"3067"
"13";"Amazonas";"Indígena";"55 a 64 anos";"14590";"7435";"7155";"9175";"5094";"4081";"5415";"2341";"3074"
"13";"Amazonas";"Indígena";"65 anos ou mais";"14043";"6922";"7121";"6063";"3467";"2596";"7980";"3455";"4525"
"14";"Roraima";"Total";"Total";"450499";"224943";"225556";"419303";"207960";"211343";"31196";"16983";"14213"
"14";"Roraima";"Total";"15 a 19 anos";"56875";"28873";"28002";"54244";"27480";"26764";"2631";"1393";"1238"
"14";"Roraima";"Total";"20 a 24 anos";"58711";"29360";"29351";"56561";"28174";"28387";"2150";"1186";"964"
"14";"Roraima";"Total";"25 a 34 anos";"105431";"52170";"53261";"102352";"50513";"51839";"3079";"1657";"1422"
"14";"Roraima";"Total";"35 a 44 anos";"92723";"45883";"46840";"88856";"43624";"45232";"3867";"2259";"1608"
"14";"Roraima";"Total";"45 a 54 anos";"62831";"31241";"31590";"58040";"28468";"29572";"4791";"2773";"2018"
"14";"Roraima";"Total";"55 a 64 anos";"41553";"20936";"20617";"35868";"17764";"18104";"5685";"3172";"2513"
"14";"Roraima";"Total";"65 anos ou mais";"32375";"16480";"15895";"23382";"11937";"11445";"8993";"4543";"4450"
"14";"Roraima";"Branca";"Total";"93224";"44491";"48733";"89807";"42551";"47256";"3417";"1940";"1477"
"14";"Roraima";"Branca";"15 a 19 anos";"10607";"5170";"5437";"10487";"5093";"5394";"120";"77";"43"
"14";"Roraima";"Branca";"20 a 24 anos";"11202";"5427";"5775";"11069";"5332";"5737";"133";"95";"38"
"14";"Roraima";"Branca";"25 a 34 anos";"21484";"10200";"11284";"21253";"10063";"11190";"231";"137";"94"
"14";"Roraima";"Branca";"35 a 44 anos";"19373";"8948";"10425";"19002";"8719";"10283";"371";"229";"142"
"14";"Roraima";"Branca";"45 a 54 anos";"13261";"6231";"7030";"12732";"5902";"6830";"529";"329";"200"
"14";"Roraima";"Branca";"55 a 64 anos";"9403";"4665";"4738";"8688";"4257";"4431";"715";"408";"307"
"14";"Roraima";"Branca";"65 anos ou mais";"7894";"3850";"4044";"6576";"3185";"3391";"1318";"665";"653"
"14";"Roraima";"Preta";"Total";"40304";"23173";"17131";"36984";"20998";"15986";"3320";"2175";"1145"
"14";"Roraima";"Preta";"15 a 19 anos";"3823";"2148";"1675";"3772";"2115";"1657";"51";"33";"18"
"14";"Roraima";"Preta";"20 a 24 anos";"4689";"2644";"2045";"4620";"2596";"2024";"69";"48";"21"
"14";"Roraima";"Preta";"25 a 34 anos";"9139";"5240";"3899";"8988";"5136";"3852";"151";"104";"47"
"14";"Roraima";"Preta";"35 a 44 anos";"8754";"5017";"3737";"8383";"4729";"3654";"371";"288";"83"
"14";"Roraima";"Preta";"45 a 54 anos";"6306";"3711";"2595";"5704";"3307";"2397";"602";"404";"198"
"14";"Roraima";"Preta";"55 a 64 anos";"4156";"2395";"1761";"3398";"1884";"1514";"758";"511";"247"
"14";"Roraima";"Preta";"65 anos ou mais";"3437";"2018";"1419";"2119";"1231";"888";"1318";"787";"531"
"14";"Roraima";"Amarela";"Total";"640";"289";"351";"609";"272";"337";"31";"17";"14"
"14";"Roraima";"Amarela";"15 a 19 anos";"71";"34";"37";"70";"33";"37";"1";"1";"-"
"14";"Roraima";"Amarela";"20 a 24 anos";"74";"32";"42";"70";"29";"41";"4";"3";"1"
"14";"Roraima";"Amarela";"25 a 34 anos";"150";"68";"82";"148";"67";"81";"2";"1";"1"
"14";"Roraima";"Amarela";"35 a 44 anos";"126";"55";"71";"123";"53";"70";"3";"2";"1"
"14";"Roraima";"Amarela";"45 a 54 anos";"84";"30";"54";"83";"29";"54";"1";"1";"-"
"14";"Roraima";"Amarela";"55 a 64 anos";"67";"34";"33";"60";"31";"29";"7";"3";"4"
"14";"Roraima";"Amarela";"65 anos ou mais";"68";"36";"32";"55";"30";"25";"13";"6";"7"
"14";"Roraima";"Parda";"Total";"264619";"131286";"133333";"251587";"123740";"127847";"13032";"7546";"5486"
"14";"Roraima";"Parda";"15 a 19 anos";"32403";"16478";"15925";"32005";"16209";"15796";"398";"269";"129"
"14";"Roraima";"Parda";"20 a 24 anos";"34498";"17183";"17315";"34077";"16885";"17192";"421";"298";"123"
"14";"Roraima";"Parda";"25 a 34 anos";"62655";"30734";"31921";"61885";"30224";"31661";"770";"510";"260"
"14";"Roraima";"Parda";"35 a 44 anos";"55726";"27464";"28262";"54254";"26482";"27772";"1472";"982";"490"
"14";"Roraima";"Parda";"45 a 54 anos";"37350";"18369";"18981";"35069";"16965";"18104";"2281";"1404";"877"
"14";"Roraima";"Parda";"55 a 64 anos";"24310";"12054";"12256";"21241";"10334";"10907";"3069";"1720";"1349"
"14";"Roraima";"Parda";"65 anos ou mais";"17677";"9004";"8673";"13056";"6641";"6415";"4621";"2363";"2258"
"14";"Roraima";"Indígena";"Total";"50996";"25314";"25682";"39649";"20051";"19598";"11347";"5263";"6084"
"14";"Roraima";"Indígena";"15 a 19 anos";"9871";"4993";"4878";"7811";"3981";"3830";"2060";"1012";"1048"
"14";"Roraima";"Indígena";"20 a 24 anos";"8096";"3991";"4105";"6582";"3258";"3324";"1514";"733";"781"
"14";"Roraima";"Indígena";"25 a 34 anos";"11803";"5817";"5986";"9888";"4920";"4968";"1915";"897";"1018"
"14";"Roraima";"Indígena";"35 a 44 anos";"8616";"4329";"4287";"6976";"3581";"3395";"1640";"748";"892"
"14";"Roraima";"Indígena";"45 a 54 anos";"5752";"2855";"2897";"4385";"2227";"2158";"1367";"628";"739"
"14";"Roraima";"Indígena";"55 a 64 anos";"3578";"1767";"1811";"2448";"1242";"1206";"1130";"525";"605"
"14";"Roraima";"Indígena";"65 anos ou mais";"3280";"1562";"1718";"1559";"842";"717";"1721";"720";"1001"
"15";"Pará";"Total";"Total";"6129189";"3036421";"3092768";"5592512";"2732601";"2859911";"536677";"303820";"232857"
"15";"Pará";"Total";"15 a 19 anos";"726778";"369568";"357210";"709825";"358258";"351567";"16953";"11310";"5643"
"15";"Pará";"Total";"20 a 24 anos";"707887";"356294";"351593";"691018";"345223";"345795";"16869";"11071";"5798"
"15";"Pará";"Total";"25 a 34 anos";"1306506";"641894";"664612";"1264831";"614655";"650176";"41675";"27239";"14436"
"15";"Pará";"Total";"35 a 44 anos";"1255303";"621688";"633615";"1176440";"572189";"604251";"78863";"49499";"29364"
"15";"Pará";"Total";"45 a 54 anos";"909564";"454900";"454664";"806001";"392978";"413023";"103563";"61922";"41641"
"15";"Pará";"Total";"55 a 64 anos";"634117";"312813";"321304";"523280";"252284";"270996";"110837";"60529";"50308"
"15";"Pará";"Total";"65 anos ou mais";"589034";"279264";"309770";"421117";"197014";"224103";"167917";"82250";"85667"
"15";"Pará";"Branca";"Total";"1163952";"553529";"610423";"1087431";"512805";"574626";"76521";"40724";"35797"
"15";"Pará";"Branca";"15 a 19 anos";"137188";"66303";"70885";"134593";"64688";"69905";"2595";"1615";"980"
"15";"Pará";"Branca";"20 a 24 anos";"133122";"65856";"67266";"130474";"64189";"66285";"2648";"1667";"981"
"15";"Pará";"Branca";"25 a 34 anos";"232495";"113288";"119207";"226797";"109755";"117042";"5698";"3533";"2165"
"15";"Pará";"Branca";"35 a 44 anos";"230335";"108818";"121517";"220072";"102630";"117442";"10263";"6188";"4075"
"15";"Pará";"Branca";"45 a 54 anos";"172490";"81470";"91020";"159012";"73704";"85308";"13478";"7766";"5712"
"15";"Pará";"Branca";"55 a 64 anos";"126338";"60190";"66148";"111701";"52480";"59221";"14637";"7710";"6927"
"15";"Pará";"Branca";"65 anos ou mais";"131984";"57604";"74380";"104782";"45359";"59423";"27202";"12245";"14957"
"15";"Pará";"Preta";"Total";"665400";"364118";"301282";"587798";"316960";"270838";"77602";"47158";"30444"
"15";"Pará";"Preta";"15 a 19 anos";"64446";"34917";"29529";"62841";"33786";"29055";"1605";"1131";"474"
"15";"Pará";"Preta";"20 a 24 anos";"72257";"39232";"33025";"70558";"37990";"32568";"1699";"1242";"457"
"15";"Pará";"Preta";"25 a 34 anos";"138170";"75916";"62254";"133336";"72489";"60847";"4834";"3427";"1407"
"15";"Pará";"Preta";"35 a 44 anos";"139441";"77491";"61950";"128811";"70141";"58670";"10630";"7350";"3280"
"15";"Pará";"Preta";"45 a 54 anos";"106524";"59628";"46896";"91263";"49705";"41558";"15261";"9923";"5338"
"15";"Pará";"Preta";"55 a 64 anos";"75124";"40750";"34374";"57698";"30516";"27182";"17426";"10234";"7192"
"15";"Pará";"Preta";"65 anos ou mais";"69438";"36184";"33254";"43291";"22333";"20958";"26147";"13851";"12296"
"15";"Pará";"Amarela";"Total";"10501";"4619";"5882";"10029";"4382";"5647";"472";"237";"235"
"15";"Pará";"Amarela";"15 a 19 anos";"1027";"441";"586";"1013";"434";"579";"14";"7";"7"
"15";"Pará";"Amarela";"20 a 24 anos";"1079";"421";"658";"1066";"415";"651";"13";"6";"7"
"15";"Pará";"Amarela";"25 a 34 anos";"2098";"858";"1240";"2069";"840";"1229";"29";"18";"11"
"15";"Pará";"Amarela";"35 a 44 anos";"2023";"886";"1137";"1959";"849";"1110";"64";"37";"27"
"15";"Pará";"Amarela";"45 a 54 anos";"1474";"688";"786";"1392";"651";"741";"82";"37";"45"
"15";"Pará";"Amarela";"55 a 64 anos";"1102";"500";"602";"1014";"456";"558";"88";"44";"44"
"15";"Pará";"Amarela";"65 anos ou mais";"1698";"825";"873";"1516";"737";"779";"182";"88";"94"
"15";"Pará";"Parda";"Total";"4245912";"2092223";"2153689";"3871012";"1879567";"1991445";"374900";"212656";"162244"
"15";"Pará";"Parda";"15 a 19 anos";"516247";"263930";"252317";"504121";"255636";"248485";"12126";"8294";"3832"
"15";"Pará";"Parda";"20 a 24 anos";"494803";"247347";"247456";"482865";"239455";"243410";"11938";"7892";"4046"
"15";"Pará";"Parda";"25 a 34 anos";"923708";"446749";"476959";"893580";"426859";"466721";"30128";"19890";"10238"
"15";"Pará";"Parda";"35 a 44 anos";"876063";"430739";"445324";"819244";"395231";"424013";"56819";"35508";"21311"
"15";"Pará";"Parda";"45 a 54 anos";"624042";"310572";"313470";"550489";"266881";"283608";"73553";"43691";"29862"
"15";"Pará";"Parda";"55 a 64 anos";"428474";"209829";"218645";"350816";"167739";"183077";"77658";"42090";"35568"
"15";"Pará";"Parda";"65 anos ou mais";"382575";"183057";"199518";"269897";"127766";"142131";"112678";"55291";"57387"
"15";"Pará";"Indígena";"Total";"42526";"21291";"21235";"35424";"18317";"17107";"7102";"2974";"4128"
"15";"Pará";"Indígena";"15 a 19 anos";"7798";"3939";"3859";"7189";"3680";"3509";"609";"259";"350"
"15";"Pará";"Indígena";"20 a 24 anos";"6459";"3313";"3146";"5898";"3058";"2840";"561";"255";"306"
"15";"Pará";"Indígena";"25 a 34 anos";"9693";"4822";"4871";"8733";"4473";"4260";"960";"349";"611"
"15";"Pará";"Indígena";"35 a 44 anos";"7280";"3641";"3639";"6212";"3244";"2968";"1068";"397";"671"
"15";"Pará";"Indígena";"45 a 54 anos";"4943";"2482";"2461";"3763";"1984";"1779";"1180";"498";"682"
"15";"Pará";"Indígena";"55 a 64 anos";"3035";"1515";"1520";"2016";"1072";"944";"1019";"443";"576"
"15";"Pará";"Indígena";"65 anos ou mais";"3318";"1579";"1739";"1613";"806";"807";"1705";"773";"932"
"16";"Amapá";"Total";"Total";"535583";"263294";"272289";"500941";"245394";"255547";"34642";"17900";"16742"
"16";"Amapá";"Total";"15 a 19 anos";"67628";"34359";"33269";"66406";"33596";"32810";"1222";"763";"459"
"16";"Amapá";"Total";"20 a 24 anos";"69388";"34754";"34634";"68241";"34032";"34209";"1147";"722";"425"
"16";"Amapá";"Total";"25 a 34 anos";"121782";"59542";"62240";"119379";"58057";"61322";"2403";"1485";"918"
"16";"Amapá";"Total";"35 a 44 anos";"108926";"52796";"56130";"104299";"50209";"54090";"4627";"2587";"2040"
"16";"Amapá";"Total";"45 a 54 anos";"78327";"38418";"39909";"71636";"34757";"36879";"6691";"3661";"3030"
"16";"Amapá";"Total";"55 a 64 anos";"49379";"24379";"25000";"41823";"20591";"21232";"7556";"3788";"3768"
"16";"Amapá";"Total";"65 anos ou mais";"40153";"19046";"21107";"29157";"14152";"15005";"10996";"4894";"6102"
"16";"Amapá";"Branca";"Total";"108456";"50327";"58129";"103225";"47821";"55404";"5231";"2506";"2725"
"16";"Amapá";"Branca";"15 a 19 anos";"14444";"6945";"7499";"14188";"6800";"7388";"256";"145";"111"
"16";"Amapá";"Branca";"20 a 24 anos";"14509";"6952";"7557";"14293";"6823";"7470";"216";"129";"87"
"16";"Amapá";"Branca";"25 a 34 anos";"24591";"11635";"12956";"24178";"11385";"12793";"413";"250";"163"
"16";"Amapá";"Branca";"35 a 44 anos";"21339";"9814";"11525";"20681";"9439";"11242";"658";"375";"283"
"16";"Amapá";"Branca";"45 a 54 anos";"15228";"6812";"8416";"14311";"6332";"7979";"917";"480";"437"
"16";"Amapá";"Branca";"55 a 64 anos";"9711";"4507";"5204";"8769";"4065";"4704";"942";"442";"500"
"16";"Amapá";"Branca";"65 anos ou mais";"8634";"3662";"4972";"6805";"2977";"3828";"1829";"685";"1144"
"16";"Amapá";"Preta";"Total";"70433";"38446";"31987";"64953";"35156";"29797";"5480";"3290";"2190"
"16";"Amapá";"Preta";"15 a 19 anos";"7349";"4008";"3341";"7197";"3903";"3294";"152";"105";"47"
"16";"Amapá";"Preta";"20 a 24 anos";"8695";"4732";"3963";"8558";"4636";"3922";"137";"96";"41"
"16";"Amapá";"Preta";"25 a 34 anos";"15492";"8552";"6940";"15182";"8330";"6852";"310";"222";"88"
"16";"Amapá";"Preta";"35 a 44 anos";"14608";"7920";"6688";"13962";"7496";"6466";"646";"424";"222"
"16";"Amapá";"Preta";"45 a 54 anos";"11269";"6232";"5037";"10229";"5539";"4690";"1040";"693";"347"
"16";"Amapá";"Preta";"55 a 64 anos";"7215";"3960";"3255";"5823";"3142";"2681";"1392";"818";"574"
"16";"Amapá";"Preta";"65 anos ou mais";"5805";"3042";"2763";"4002";"2110";"1892";"1803";"932";"871"
"16";"Amapá";"Amarela";"Total";"610";"275";"335";"585";"262";"323";"25";"13";"12"
"16";"Amapá";"Amarela";"15 a 19 anos";"54";"19";"35";"54";"19";"35";"-";"-";"-"
"16";"Amapá";"Amarela";"20 a 24 anos";"67";"32";"35";"64";"30";"34";"3";"2";"1"
"16";"Amapá";"Amarela";"25 a 34 anos";"135";"60";"75";"134";"60";"74";"1";"-";"1"
"16";"Amapá";"Amarela";"35 a 44 anos";"148";"61";"87";"146";"60";"86";"2";"1";"1"
"16";"Amapá";"Amarela";"45 a 54 anos";"90";"39";"51";"86";"38";"48";"4";"1";"3"
"16";"Amapá";"Amarela";"55 a 64 anos";"62";"34";"28";"56";"30";"26";"6";"4";"2"
"16";"Amapá";"Amarela";"65 anos ou mais";"54";"30";"24";"45";"25";"20";"9";"5";"4"
"16";"Amapá";"Parda";"Total";"349737";"171012";"178725";"326462";"159166";"167296";"23275";"11846";"11429"
"16";"Amapá";"Parda";"15 a 19 anos";"44632";"22824";"21808";"43845";"22321";"21524";"787";"503";"284"
"16";"Amapá";"Parda";"20 a 24 anos";"45044";"22501";"22543";"44277";"22015";"22262";"767";"486";"281"
"16";"Amapá";"Parda";"25 a 34 anos";"80019";"38501";"41518";"78391";"37508";"40883";"1628";"993";"635"
"16";"Amapá";"Parda";"35 a 44 anos";"71706";"34434";"37272";"68503";"32691";"35812";"3203";"1743";"1460"
"16";"Amapá";"Parda";"45 a 54 anos";"51039";"24954";"26085";"46430";"22511";"23919";"4609";"2443";"2166"
"16";"Amapá";"Parda";"55 a 64 anos";"31968";"15659";"16309";"26888";"13181";"13707";"5080";"2478";"2602"
"16";"Amapá";"Parda";"65 anos ou mais";"25329";"12139";"13190";"18128";"8939";"9189";"7201";"3200";"4001"
"16";"Amapá";"Indígena";"Total";"6336";"3227";"3109";"5705";"2982";"2723";"631";"245";"386"
"16";"Amapá";"Indígena";"15 a 19 anos";"1147";"561";"586";"1120";"551";"569";"27";"10";"17"
"16";"Amapá";"Indígena";"20 a 24 anos";"1072";"537";"535";"1048";"528";"520";"24";"9";"15"
"16";"Amapá";"Indígena";"25 a 34 anos";"1541";"792";"749";"1490";"772";"718";"51";"20";"31"
"16";"Amapá";"Indígena";"35 a 44 anos";"1122";"565";"557";"1004";"521";"483";"118";"44";"74"
"16";"Amapá";"Indígena";"45 a 54 anos";"700";"380";"320";"579";"336";"243";"121";"44";"77"
"16";"Amapá";"Indígena";"55 a 64 anos";"423";"219";"204";"287";"173";"114";"136";"46";"90"
"16";"Amapá";"Indígena";"65 anos ou mais";"331";"173";"158";"177";"101";"76";"154";"72";"82"
"17";"Tocantins";"Total";"Total";"1160474";"577912";"582562";"1055334";"519406";"535928";"105140";"58506";"46634"
"17";"Tocantins";"Total";"15 a 19 anos";"125373";"63370";"62003";"123670";"62254";"61416";"1703";"1116";"587"
"17";"Tocantins";"Total";"20 a 24 anos";"123471";"61904";"61567";"121835";"60858";"60977";"1636";"1046";"590"
"17";"Tocantins";"Total";"25 a 34 anos";"232520";"114058";"118462";"227975";"111144";"116831";"4545";"2914";"1631"
"17";"Tocantins";"Total";"35 a 44 anos";"234998";"115953";"119045";"224133";"109188";"114945";"10865";"6765";"4100"
"17";"Tocantins";"Total";"45 a 54 anos";"182061";"90985";"91076";"164236";"80199";"84037";"17825";"10786";"7039"
"17";"Tocantins";"Total";"55 a 64 anos";"131587";"65832";"65755";"108433";"53046";"55387";"23154";"12786";"10368"
"17";"Tocantins";"Total";"65 anos ou mais";"130464";"65810";"64654";"85052";"42717";"42335";"45412";"23093";"22319"
"17";"Tocantins";"Branca";"Total";"266975";"130833";"136142";"249731";"121498";"128233";"17244";"9335";"7909"
"17";"Tocantins";"Branca";"15 a 19 anos";"27278";"13299";"13979";"26960";"13108";"13852";"318";"191";"127"
"17";"Tocantins";"Branca";"20 a 24 anos";"26500";"13040";"13460";"26175";"12849";"13326";"325";"191";"134"
"17";"Tocantins";"Branca";"25 a 34 anos";"49442";"24017";"25425";"48707";"23559";"25148";"735";"458";"277"
"17";"Tocantins";"Branca";"35 a 44 anos";"52334";"25178";"27156";"50781";"24212";"26569";"1553";"966";"587"
"17";"Tocantins";"Branca";"45 a 54 anos";"42792";"20948";"21844";"40236";"19409";"20827";"2556";"1539";"1017"
"17";"Tocantins";"Branca";"55 a 64 anos";"32749";"16554";"16195";"29430";"14712";"14718";"3319";"1842";"1477"
"17";"Tocantins";"Branca";"65 anos ou mais";"35880";"17797";"18083";"27442";"13649";"13793";"8438";"4148";"4290"
"17";"Tocantins";"Preta";"Total";"167683";"91048";"76635";"144574";"77338";"67236";"23109";"13710";"9399"
"17";"Tocantins";"Preta";"15 a 19 anos";"15078";"8058";"7020";"14835";"7885";"6950";"243";"173";"70"
"17";"Tocantins";"Preta";"20 a 24 anos";"17412";"9347";"8065";"17134";"9146";"7988";"278";"201";"77"
"17";"Tocantins";"Preta";"25 a 34 anos";"33856";"18374";"15482";"33090";"17831";"15259";"766";"543";"223"
"17";"Tocantins";"Preta";"35 a 44 anos";"34236";"18760";"15476";"31968";"17202";"14766";"2268";"1558";"710"
"17";"Tocantins";"Preta";"45 a 54 anos";"27021";"14967";"12054";"23012";"12379";"10633";"4009";"2588";"1421"
"17";"Tocantins";"Preta";"55 a 64 anos";"19693";"10576";"9117";"14352";"7484";"6868";"5341";"3092";"2249"
"17";"Tocantins";"Preta";"65 anos ou mais";"20387";"10966";"9421";"10183";"5411";"4772";"10204";"5555";"4649"
"17";"Tocantins";"Amarela";"Total";"2842";"1199";"1643";"2672";"1120";"1552";"170";"79";"91"
"17";"Tocantins";"Amarela";"15 a 19 anos";"278";"112";"166";"276";"110";"166";"2";"2";"-"
"17";"Tocantins";"Amarela";"20 a 24 anos";"306";"110";"196";"302";"106";"196";"4";"4";"-"
"17";"Tocantins";"Amarela";"25 a 34 anos";"592";"264";"328";"582";"261";"321";"10";"3";"7"
"17";"Tocantins";"Amarela";"35 a 44 anos";"576";"222";"354";"563";"216";"347";"13";"6";"7"
"17";"Tocantins";"Amarela";"45 a 54 anos";"429";"181";"248";"399";"165";"234";"30";"16";"14"
"17";"Tocantins";"Amarela";"55 a 64 anos";"309";"136";"173";"271";"124";"147";"38";"12";"26"
"17";"Tocantins";"Amarela";"65 anos ou mais";"352";"174";"178";"279";"138";"141";"73";"36";"37"
"17";"Tocantins";"Parda";"Total";"711776";"349278";"362498";"648898";"314500";"334398";"62878";"34778";"28100"
"17";"Tocantins";"Parda";"15 a 19 anos";"80673";"40894";"39779";"79606";"40181";"39425";"1067";"713";"354"
"17";"Tocantins";"Parda";"20 a 24 anos";"77474";"38512";"38962";"76534";"37905";"38629";"940";"607";"333"
"17";"Tocantins";"Parda";"25 a 34 anos";"145987";"70042";"75945";"143140";"68195";"74945";"2847";"1847";"1000"
"17";"Tocantins";"Parda";"35 a 44 anos";"145999";"70878";"75121";"139304";"66740";"72564";"6695";"4138";"2557"
"17";"Tocantins";"Parda";"45 a 54 anos";"110604";"54288";"56316";"99660";"47730";"51930";"10944";"6558";"4386"
"17";"Tocantins";"Parda";"55 a 64 anos";"78063";"38192";"39871";"63893";"30453";"33440";"14170";"7739";"6431"
"17";"Tocantins";"Parda";"65 anos ou mais";"72976";"36472";"36504";"46761";"23296";"23465";"26215";"13176";"13039"
"17";"Tocantins";"Indígena";"Total";"11152";"5527";"5625";"9418";"4927";"4491";"1734";"600";"1134"
"17";"Tocantins";"Indígena";"15 a 19 anos";"2064";"1006";"1058";"1991";"969";"1022";"73";"37";"36"
"17";"Tocantins";"Indígena";"20 a 24 anos";"1774";"891";"883";"1685";"848";"837";"89";"43";"46"
"17";"Tocantins";"Indígena";"25 a 34 anos";"2633";"1357";"1276";"2446";"1294";"1152";"187";"63";"124"
"17";"Tocantins";"Indígena";"35 a 44 anos";"1845";"910";"935";"1510";"814";"696";"335";"96";"239"
"17";"Tocantins";"Indígena";"45 a 54 anos";"1207";"598";"609";"923";"514";"409";"284";"84";"200"
"17";"Tocantins";"Indígena";"55 a 64 anos";"765";"367";"398";"481";"268";"213";"284";"99";"185"
"17";"Tocantins";"Indígena";"65 anos ou mais";"864";"398";"466";"382";"220";"162";"482";"178";"304"
"21";"Maranhão";"Total";"Total";"5131119";"2491137";"2639982";"4358810";"2066556";"2292254";"772309";"424581";"347728"
"21";"Maranhão";"Total";"15 a 19 anos";"612914";"311432";"301482";"595759";"299230";"296529";"17155";"12202";"4953"
"21";"Maranhão";"Total";"20 a 24 anos";"572449";"285307";"287142";"555512";"273671";"281841";"16937";"11636";"5301"
"21";"Maranhão";"Total";"25 a 34 anos";"1041113";"504305";"536808";"993824";"472857";"520967";"47289";"31448";"15841"
"21";"Maranhão";"Total";"35 a 44 anos";"1041002";"505442";"535560";"923655";"433540";"490115";"117347";"71902";"45445"
"21";"Maranhão";"Total";"45 a 54 anos";"739734";"358617";"381117";"590441";"271346";"319095";"149293";"87271";"62022"
"21";"Maranhão";"Total";"55 a 64 anos";"551414";"259642";"291772";"388178";"174955";"213223";"163236";"84687";"78549"
"21";"Maranhão";"Total";"65 anos ou mais";"572493";"266392";"306101";"311441";"140957";"170484";"261052";"125435";"135617"
"21";"Maranhão";"Branca";"Total";"1023614";"481473";"542141";"904682";"418656";"486026";"118932";"62817";"56115"
"21";"Maranhão";"Branca";"15 a 19 anos";"115260";"56270";"58990";"112518";"54461";"58057";"2742";"1809";"933"
"21";"Maranhão";"Branca";"20 a 24 anos";"110506";"54693";"55813";"107741";"52852";"54889";"2765";"1841";"924"
"21";"Maranhão";"Branca";"25 a 34 anos";"198198";"95484";"102714";"191319";"91094";"100225";"6879";"4390";"2489"
"21";"Maranhão";"Branca";"35 a 44 anos";"202315";"95431";"106884";"185753";"85323";"100430";"16562";"10108";"6454"
"21";"Maranhão";"Branca";"45 a 54 anos";"150079";"69737";"80342";"129051";"57495";"71556";"21028";"12242";"8786"
"21";"Maranhão";"Branca";"55 a 64 anos";"113414";"51859";"61555";"90587";"40158";"50429";"22827";"11701";"11126"
"21";"Maranhão";"Branca";"65 anos ou mais";"133842";"57999";"75843";"87713";"37273";"50440";"46129";"20726";"25403"
"21";"Maranhão";"Preta";"Total";"717933";"370674";"347259";"579376";"292085";"287291";"138557";"78589";"59968"
"21";"Maranhão";"Preta";"15 a 19 anos";"64016";"34546";"29470";"61899";"32922";"28977";"2117";"1624";"493"
"21";"Maranhão";"Preta";"20 a 24 anos";"68656";"36424";"32232";"66342";"34755";"31587";"2314";"1669";"645"
"21";"Maranhão";"Preta";"25 a 34 anos";"138785";"72484";"66301";"131869";"67561";"64308";"6916";"4923";"1993"
"21";"Maranhão";"Preta";"35 a 44 anos";"147581";"77451";"70130";"128968";"65310";"63658";"18613";"12141";"6472"
"21";"Maranhão";"Preta";"45 a 54 anos";"114330";"59185";"55145";"87845";"42910";"44935";"26485";"16275";"10210"
"21";"Maranhão";"Preta";"55 a 64 anos";"90387";"44933";"45454";"58332";"27816";"30516";"32055";"17117";"14938"
"21";"Maranhão";"Preta";"65 anos ou mais";"94178";"45651";"48527";"44121";"20811";"23310";"50057";"24840";"25217"
"21";"Maranhão";"Amarela";"Total";"5453";"2255";"3198";"4819";"1950";"2869";"634";"305";"329"
"21";"Maranhão";"Amarela";"15 a 19 anos";"575";"235";"340";"564";"228";"336";"11";"7";"4"
"21";"Maranhão";"Amarela";"20 a 24 anos";"579";"251";"328";"570";"242";"328";"9";"9";"-"
"21";"Maranhão";"Amarela";"25 a 34 anos";"1243";"504";"739";"1214";"484";"730";"29";"20";"9"
"21";"Maranhão";"Amarela";"35 a 44 anos";"1162";"439";"723";"1076";"399";"677";"86";"40";"46"
"21";"Maranhão";"Amarela";"45 a 54 anos";"711";"282";"429";"600";"231";"369";"111";"51";"60"
"21";"Maranhão";"Amarela";"55 a 64 anos";"540";"247";"293";"385";"182";"203";"155";"65";"90"
"21";"Maranhão";"Amarela";"65 anos ou mais";"643";"297";"346";"410";"184";"226";"233";"113";"120"
"21";"Maranhão";"Parda";"Total";"3352006";"1620941";"1731065";"2846680";"1341900";"1504780";"505326";"279041";"226285"
"21";"Maranhão";"Parda";"15 a 19 anos";"427039";"217328";"209711";"415405";"208877";"206528";"11634";"8451";"3183"
"21";"Maranhão";"Parda";"20 a 24 anos";"387578";"191348";"196230";"376370";"183521";"192849";"11208";"7827";"3381"
"21";"Maranhão";"Parda";"25 a 34 anos";"695751";"332279";"363472";"663723";"310792";"352931";"32028";"21487";"10541"
"21";"Maranhão";"Parda";"35 a 44 anos";"684439";"329432";"355007";"604184";"280580";"323604";"80255";"48852";"31403"
"21";"Maranhão";"Parda";"45 a 54 anos";"471209";"227739";"243470";"370935";"169647";"201288";"100274";"58092";"42182"
"21";"Maranhão";"Parda";"55 a 64 anos";"344970";"161591";"183379";"237775";"106232";"131543";"107195";"55359";"51836"
"21";"Maranhão";"Parda";"65 anos ou mais";"341020";"161224";"179796";"178288";"82251";"96037";"162732";"78973";"83759"
"21";"Maranhão";"Indígena";"Total";"31974";"15726";"16248";"23133";"11908";"11225";"8841";"3818";"5023"
"21";"Maranhão";"Indígena";"15 a 19 anos";"6012";"3045";"2967";"5361";"2734";"2627";"651";"311";"340"
"21";"Maranhão";"Indígena";"20 a 24 anos";"5115";"2583";"2532";"4475";"2294";"2181";"640";"289";"351"
"21";"Maranhão";"Indígena";"25 a 34 anos";"7114";"3544";"3570";"5678";"2917";"2761";"1436";"627";"809"
"21";"Maranhão";"Indígena";"35 a 44 anos";"5477";"2678";"2799";"3649";"1918";"1731";"1828";"760";"1068"
"21";"Maranhão";"Indígena";"45 a 54 anos";"3382";"1663";"1719";"1992";"1056";"936";"1390";"607";"783"
"21";"Maranhão";"Indígena";"55 a 64 anos";"2084";"1001";"1083";"1085";"559";"526";"999";"442";"557"
"21";"Maranhão";"Indígena";"65 anos ou mais";"2790";"1212";"1578";"893";"430";"463";"1897";"782";"1115"
"22";"Piauí";"Total";"Total";"2589265";"1252442";"1336823";"2143217";"1006760";"1136457";"446048";"245682";"200366"
"22";"Piauí";"Total";"15 a 19 anos";"257358";"131514";"125844";"250898";"126778";"124120";"6460";"4736";"1724"
"22";"Piauí";"Total";"20 a 24 anos";"258937";"130264";"128673";"251973";"125299";"126674";"6964";"4965";"1999"
"22";"Piauí";"Total";"25 a 34 anos";"488240";"239750";"248490";"465774";"224174";"241600";"22466";"15576";"6890"
"22";"Piauí";"Total";"35 a 44 anos";"514620";"250476";"264144";"452073";"210307";"241766";"62547";"40169";"22378"
"22";"Piauí";"Total";"45 a 54 anos";"400563";"193115";"207448";"314847";"141524";"173323";"85716";"51591";"34125"
"22";"Piauí";"Total";"55 a 64 anos";"320793";"150157";"170636";"225017";"98635";"126382";"95776";"51522";"44254"
"22";"Piauí";"Total";"65 anos ou mais";"348754";"157166";"191588";"182635";"80043";"102592";"166119";"77123";"88996"
"22";"Piauí";"Branca";"Total";"573721";"270295";"303426";"494471";"228618";"265853";"79250";"41677";"37573"
"22";"Piauí";"Branca";"15 a 19 anos";"58168";"28539";"29629";"56891";"27691";"29200";"1277";"848";"429"
"22";"Piauí";"Branca";"20 a 24 anos";"57549";"28553";"28996";"56244";"27683";"28561";"1305";"870";"435"
"22";"Piauí";"Branca";"25 a 34 anos";"104773";"51873";"52900";"100728";"49208";"51520";"4045";"2665";"1380"
"22";"Piauí";"Branca";"35 a 44 anos";"107756";"51384";"56372";"97724";"45031";"52693";"10032";"6353";"3679"
"22";"Piauí";"Branca";"45 a 54 anos";"86562";"40212";"46350";"72572";"31871";"40701";"13990";"8341";"5649"
"22";"Piauí";"Branca";"55 a 64 anos";"70979";"32358";"38621";"55243";"24058";"31185";"15736";"8300";"7436"
"22";"Piauí";"Branca";"65 anos ou mais";"87934";"37376";"50558";"55069";"23076";"31993";"32865";"14300";"18565"
"22";"Piauí";"Preta";"Total";"345853";"180918";"164935";"268335";"136429";"131906";"77518";"44489";"33029"
"22";"Piauí";"Preta";"15 a 19 anos";"26907";"14592";"12315";"26066";"13932";"12134";"841";"660";"181"
"22";"Piauí";"Preta";"20 a 24 anos";"32214";"17234";"14980";"31186";"16456";"14730";"1028";"778";"250"
"22";"Piauí";"Preta";"25 a 34 anos";"62886";"33530";"29356";"59452";"31028";"28424";"3434";"2502";"932"
"22";"Piauí";"Preta";"35 a 44 anos";"70284";"37724";"32560";"59967";"30822";"29145";"10317";"6902";"3415"
"22";"Piauí";"Preta";"45 a 54 anos";"57669";"30768";"26901";"42641";"21226";"21415";"15028";"9542";"5486"
"22";"Piauí";"Preta";"55 a 64 anos";"46238";"23447";"22791";"28580";"13527";"15053";"17658";"9920";"7738"
"22";"Piauí";"Preta";"65 anos ou mais";"49655";"23623";"26032";"20443";"9438";"11005";"29212";"14185";"15027"
"22";"Piauí";"Amarela";"Total";"2656";"1108";"1548";"2133";"852";"1281";"523";"256";"267"
"22";"Piauí";"Amarela";"15 a 19 anos";"218";"88";"130";"213";"83";"130";"5";"5";"-"
"22";"Piauí";"Amarela";"20 a 24 anos";"284";"118";"166";"281";"115";"166";"3";"3";"-"
"22";"Piauí";"Amarela";"25 a 34 anos";"500";"207";"293";"478";"188";"290";"22";"19";"3"
"22";"Piauí";"Amarela";"35 a 44 anos";"478";"195";"283";"417";"165";"252";"61";"30";"31"
"22";"Piauí";"Amarela";"45 a 54 anos";"411";"164";"247";"294";"104";"190";"117";"60";"57"
"22";"Piauí";"Amarela";"55 a 64 anos";"341";"151";"190";"226";"95";"131";"115";"56";"59"
"22";"Piauí";"Amarela";"65 anos ou mais";"424";"185";"239";"224";"102";"122";"200";"83";"117"
"22";"Piauí";"Parda";"Total";"1662037";"797658";"864379";"1374346";"638956";"735390";"287691";"158702";"128989"
"22";"Piauí";"Parda";"15 a 19 anos";"171518";"88024";"83494";"167206";"84818";"82388";"4312";"3206";"1106"
"22";"Piauí";"Parda";"20 a 24 anos";"168364";"84075";"84289";"163770";"80779";"82991";"4594";"3296";"1298"
"22";"Piauí";"Parda";"25 a 34 anos";"319259";"153711";"165548";"304354";"143362";"160992";"14905";"10349";"4556"
"22";"Piauí";"Parda";"35 a 44 anos";"335150";"160719";"174431";"293193";"133930";"159263";"41957";"26789";"15168"
"22";"Piauí";"Parda";"45 a 54 anos";"255127";"121571";"133556";"198757";"88046";"110711";"56370";"33525";"22845"
"22";"Piauí";"Parda";"55 a 64 anos";"202574";"93873";"108701";"140531";"60743";"79788";"62043";"33130";"28913"
"22";"Piauí";"Parda";"65 anos ou mais";"210045";"95685";"114360";"106535";"47278";"59257";"103510";"48407";"55103"
"22";"Piauí";"Indígena";"Total";"4948";"2432";"2516";"3891";"1880";"2011";"1057";"552";"505"
"22";"Piauí";"Indígena";"15 a 19 anos";"542";"267";"275";"518";"251";"267";"24";"16";"8"
"22";"Piauí";"Indígena";"20 a 24 anos";"519";"280";"239";"485";"262";"223";"34";"18";"16"
"22";"Piauí";"Indígena";"25 a 34 anos";"811";"422";"389";"751";"381";"370";"60";"41";"19"
"22";"Piauí";"Indígena";"35 a 44 anos";"947";"451";"496";"767";"356";"411";"180";"95";"85"
"22";"Piauí";"Indígena";"45 a 54 anos";"787";"394";"393";"578";"273";"305";"209";"121";"88"
"22";"Piauí";"Indígena";"55 a 64 anos";"655";"324";"331";"432";"209";"223";"223";"115";"108"
"22";"Piauí";"Indígena";"65 anos ou mais";"687";"294";"393";"360";"148";"212";"327";"146";"181"
"23";"Ceará";"Total";"Total";"6992522";"3336184";"3656338";"6005313";"2786335";"3218978";"987209";"549849";"437360"
"23";"Ceará";"Total";"15 a 19 anos";"648812";"330466";"318346";"635970";"321581";"314389";"12842";"8885";"3957"
"23";"Ceará";"Total";"20 a 24 anos";"701679";"351598";"350081";"686543";"341314";"345229";"15136";"10284";"4852"
"23";"Ceará";"Total";"25 a 34 anos";"1419106";"689597";"729509";"1367726";"654752";"712974";"51380";"34845";"16535"
"23";"Ceará";"Total";"35 a 44 anos";"1368108";"657588";"710520";"1244558";"580286";"664272";"123550";"77302";"46248"
"23";"Ceará";"Total";"45 a 54 anos";"1084365";"513948";"570417";"884076";"394736";"489340";"200289";"119212";"81077"
"23";"Ceará";"Total";"55 a 64 anos";"857893";"396058";"461835";"636345";"273924";"362421";"221548";"122134";"99414"
"23";"Ceará";"Total";"65 anos ou mais";"912559";"396929";"515630";"550095";"219742";"330353";"362464";"177187";"185277"
"23";"Ceará";"Branca";"Total";"1927660";"886589";"1041071";"1712299";"771234";"941065";"215361";"115355";"100006"
"23";"Ceará";"Branca";"15 a 19 anos";"180838";"89161";"91677";"177543";"86994";"90549";"3295";"2167";"1128"
"23";"Ceará";"Branca";"20 a 24 anos";"186513";"92647";"93866";"182839";"90346";"92493";"3674";"2301";"1373"
"23";"Ceará";"Branca";"25 a 34 anos";"358568";"172939";"185629";"347714";"165971";"181743";"10854";"6968";"3886"
"23";"Ceará";"Branca";"35 a 44 anos";"355142";"165636";"189506";"331636";"151095";"180541";"23506";"14541";"8965"
"23";"Ceará";"Branca";"45 a 54 anos";"290860";"131655";"159205";"252301";"108943";"143358";"38559";"22712";"15847"
"23";"Ceará";"Branca";"55 a 64 anos";"246255";"108923";"137332";"201865";"84779";"117086";"44390";"24144";"20246"
"23";"Ceará";"Branca";"65 anos ou mais";"309484";"125628";"183856";"218401";"83106";"135295";"91083";"42522";"48561"
"23";"Ceará";"Preta";"Total";"530862";"284916";"245946";"420213";"219674";"200539";"110649";"65242";"45407"
"23";"Ceará";"Preta";"15 a 19 anos";"36268";"19852";"16416";"35352";"19169";"16183";"916";"683";"233"
"23";"Ceará";"Preta";"20 a 24 anos";"49766";"27339";"22427";"48457";"26360";"22097";"1309";"979";"330"
"23";"Ceará";"Preta";"25 a 34 anos";"102109";"56830";"45279";"97132";"53201";"43931";"4977";"3629";"1348"
"23";"Ceará";"Preta";"35 a 44 anos";"101591";"56501";"45090";"88622";"47729";"40893";"12969";"8772";"4197"
"23";"Ceará";"Preta";"45 a 54 anos";"90774";"49199";"41575";"68065";"34764";"33301";"22709";"14435";"8274"
"23";"Ceará";"Preta";"55 a 64 anos";"74494";"38759";"35735";"47702";"23085";"24617";"26792";"15674";"11118"
"23";"Ceará";"Preta";"65 anos ou mais";"75860";"36436";"39424";"34883";"15366";"19517";"40977";"21070";"19907"
"23";"Ceará";"Amarela";"Total";"9688";"4137";"5551";"8166";"3385";"4781";"1522";"752";"770"
"23";"Ceará";"Amarela";"15 a 19 anos";"749";"346";"403";"738";"340";"398";"11";"6";"5"
"23";"Ceará";"Amarela";"20 a 24 anos";"981";"412";"569";"956";"395";"561";"25";"17";"8"
"23";"Ceará";"Amarela";"25 a 34 anos";"1999";"850";"1149";"1914";"810";"1104";"85";"40";"45"
"23";"Ceará";"Amarela";"35 a 44 anos";"1945";"812";"1133";"1771";"720";"1051";"174";"92";"82"
"23";"Ceará";"Amarela";"45 a 54 anos";"1421";"588";"833";"1127";"431";"696";"294";"157";"137"
"23";"Ceará";"Amarela";"55 a 64 anos";"1197";"498";"699";"832";"324";"508";"365";"174";"191"
"23";"Ceará";"Amarela";"65 anos ou mais";"1396";"631";"765";"828";"365";"463";"568";"266";"302"
"23";"Ceará";"Parda";"Total";"4492850";"2145280";"2347570";"3838472";"1779772";"2058700";"654378";"365508";"288870"
"23";"Ceará";"Parda";"15 a 19 anos";"427742";"219498";"208244";"419206";"213529";"205677";"8536";"5969";"2567"
"23";"Ceará";"Parda";"20 a 24 anos";"460852";"229454";"231398";"450837";"222540";"228297";"10015";"6914";"3101"
"23";"Ceará";"Parda";"25 a 34 anos";"949471";"455578";"493893";"914353";"431614";"482739";"35118";"23964";"11154"
"23";"Ceará";"Parda";"35 a 44 anos";"903266";"431637";"471629";"817149";"378216";"438933";"86117";"53421";"32696"
"23";"Ceará";"Parda";"45 a 54 anos";"696614";"330242";"366372";"559012";"249007";"310005";"137602";"81235";"56367"
"23";"Ceará";"Parda";"55 a 64 anos";"532338";"246146";"286192";"383540";"164680";"218860";"148798";"81466";"67332"
"23";"Ceará";"Parda";"65 anos ou mais";"522567";"232725";"289842";"294375";"120186";"174189";"228192";"112539";"115653"
"23";"Ceará";"Indígena";"Total";"30752";"14940";"15812";"25507";"11974";"13533";"5245";"2966";"2279"
"23";"Ceará";"Indígena";"15 a 19 anos";"3166";"1589";"1577";"3084";"1530";"1554";"82";"59";"23"
"23";"Ceará";"Indígena";"20 a 24 anos";"3494";"1713";"1781";"3381";"1640";"1741";"113";"73";"40"
"23";"Ceará";"Indígena";"25 a 34 anos";"6809";"3321";"3488";"6467";"3079";"3388";"342";"242";"100"
"23";"Ceará";"Indígena";"35 a 44 anos";"6011";"2932";"3079";"5236";"2462";"2774";"775";"470";"305"
"23";"Ceará";"Indígena";"45 a 54 anos";"4579";"2212";"2367";"3463";"1543";"1920";"1116";"669";"447"
"23";"Ceará";"Indígena";"55 a 64 anos";"3519";"1695";"1824";"2329";"1025";"1304";"1190";"670";"520"
"23";"Ceará";"Indígena";"65 anos ou mais";"3174";"1478";"1696";"1547";"695";"852";"1627";"783";"844"
"24";"Rio Grande do Norte";"Total";"Total";"2648071";"1264470";"1383601";"2281148";"1053977";"1227171";"366923";"210493";"156430"
"24";"Rio Grande do Norte";"Total";"15 a 19 anos";"243526";"124463";"119063";"236892";"119691";"117201";"6634";"4772";"1862"
"24";"Rio Grande do Norte";"Total";"20 a 24 anos";"255391";"128569";"126822";"247619";"123025";"124594";"7772";"5544";"2228"
"24";"Rio Grande do Norte";"Total";"25 a 34 anos";"512209";"249558";"262651";"491020";"234818";"256202";"21189";"14740";"6449"
"24";"Rio Grande do Norte";"Total";"35 a 44 anos";"526653";"254158";"272495";"480217";"224083";"256134";"46436";"30075";"16361"
"24";"Rio Grande do Norte";"Total";"45 a 54 anos";"421585";"200649";"220936";"348474";"156258";"192216";"73111";"44391";"28720"
"24";"Rio Grande do Norte";"Total";"55 a 64 anos";"341416";"158183";"183233";"258920";"111473";"147447";"82496";"46710";"35786"
"24";"Rio Grande do Norte";"Total";"65 anos ou mais";"347291";"148890";"198401";"218006";"84629";"133377";"129285";"64261";"65024"
"24";"Rio Grande do Norte";"Branca";"Total";"1018996";"469736";"549260";"907242";"407513";"499729";"111754";"62223";"49531"
"24";"Rio Grande do Norte";"Branca";"15 a 19 anos";"94173";"47359";"46814";"91932";"45789";"46143";"2241";"1570";"671"
"24";"Rio Grande do Norte";"Branca";"20 a 24 anos";"96242";"47860";"48382";"93806";"46221";"47585";"2436";"1639";"797"
"24";"Rio Grande do Norte";"Branca";"25 a 34 anos";"192141";"92225";"99916";"185894";"88005";"97889";"6247";"4220";"2027"
"24";"Rio Grande do Norte";"Branca";"35 a 44 anos";"199486";"93096";"106390";"186500";"84804";"101696";"12986";"8292";"4694"
"24";"Rio Grande do Norte";"Branca";"45 a 54 anos";"157921";"71616";"86305";"137050";"59140";"77910";"20871";"12476";"8395"
"24";"Rio Grande do Norte";"Branca";"55 a 64 anos";"131200";"58400";"72800";"107431";"45017";"62414";"23769";"13383";"10386"
"24";"Rio Grande do Norte";"Branca";"65 anos ou mais";"147833";"59180";"88653";"104629";"38537";"66092";"43204";"20643";"22561"
"24";"Rio Grande do Norte";"Preta";"Total";"267617";"141535";"126082";"214014";"109474";"104540";"53603";"32061";"21542"
"24";"Rio Grande do Norte";"Preta";"15 a 19 anos";"18463";"10006";"8457";"17800";"9523";"8277";"663";"483";"180"
"24";"Rio Grande do Norte";"Preta";"20 a 24 anos";"23422";"12757";"10665";"22482";"12062";"10420";"940";"695";"245"
"24";"Rio Grande do Norte";"Preta";"25 a 34 anos";"49073";"26569";"22504";"46347";"24575";"21772";"2726";"1994";"732"
"24";"Rio Grande do Norte";"Preta";"35 a 44 anos";"53578";"29220";"24358";"46899";"24638";"22261";"6679";"4582";"2097"
"24";"Rio Grande do Norte";"Preta";"45 a 54 anos";"46221";"25081";"21140";"35581";"18257";"17324";"10640";"6824";"3816"
"24";"Rio Grande do Norte";"Preta";"55 a 64 anos";"38514";"19638";"18876";"25795";"12223";"13572";"12719";"7415";"5304"
"24";"Rio Grande do Norte";"Preta";"65 anos ou mais";"38346";"18264";"20082";"19110";"8196";"10914";"19236";"10068";"9168"
"24";"Rio Grande do Norte";"Amarela";"Total";"4538";"1810";"2728";"3890";"1516";"2374";"648";"294";"354"
"24";"Rio Grande do Norte";"Amarela";"15 a 19 anos";"373";"166";"207";"359";"156";"203";"14";"10";"4"
"24";"Rio Grande do Norte";"Amarela";"20 a 24 anos";"447";"170";"277";"430";"160";"270";"17";"10";"7"
"24";"Rio Grande do Norte";"Amarela";"25 a 34 anos";"948";"381";"567";"908";"358";"550";"40";"23";"17"
"24";"Rio Grande do Norte";"Amarela";"35 a 44 anos";"891";"356";"535";"806";"314";"492";"85";"42";"43"
"24";"Rio Grande do Norte";"Amarela";"45 a 54 anos";"681";"253";"428";"556";"199";"357";"125";"54";"71"
"24";"Rio Grande do Norte";"Amarela";"55 a 64 anos";"586";"231";"355";"439";"161";"278";"147";"70";"77"
"24";"Rio Grande do Norte";"Amarela";"65 anos ou mais";"612";"253";"359";"392";"168";"224";"220";"85";"135"
"24";"Rio Grande do Norte";"Parda";"Total";"1349447";"647780";"701667";"1150138";"532768";"617370";"199309";"115012";"84297"
"24";"Rio Grande do Norte";"Parda";"15 a 19 anos";"129778";"66559";"63219";"126120";"63889";"62231";"3658";"2670";"988"
"24";"Rio Grande do Norte";"Parda";"20 a 24 anos";"134443";"67371";"67072";"130143";"64225";"65918";"4300";"3146";"1154"
"24";"Rio Grande do Norte";"Parda";"25 a 34 anos";"268447";"129607";"138840";"256439";"121219";"135220";"12008";"8388";"3620"
"24";"Rio Grande do Norte";"Parda";"35 a 44 anos";"271225";"130739";"140486";"244801";"113738";"131063";"26424";"17001";"9423"
"24";"Rio Grande do Norte";"Parda";"45 a 54 anos";"215640";"103153";"112487";"174512";"78329";"96183";"41128";"24824";"16304"
"24";"Rio Grande do Norte";"Parda";"55 a 64 anos";"170245";"79507";"90738";"124689";"53832";"70857";"45556";"25675";"19881"
"24";"Rio Grande do Norte";"Parda";"65 anos ou mais";"159669";"70844";"88825";"93434";"37536";"55898";"66235";"33308";"32927"
"24";"Rio Grande do Norte";"Indígena";"Total";"7405";"3580";"3825";"5801";"2680";"3121";"1604";"900";"704"
"24";"Rio Grande do Norte";"Indígena";"15 a 19 anos";"732";"370";"362";"674";"331";"343";"58";"39";"19"
"24";"Rio Grande do Norte";"Indígena";"20 a 24 anos";"834";"409";"425";"755";"355";"400";"79";"54";"25"
"24";"Rio Grande do Norte";"Indígena";"25 a 34 anos";"1588";"771";"817";"1420";"656";"764";"168";"115";"53"
"24";"Rio Grande do Norte";"Indígena";"35 a 44 anos";"1458";"739";"719";"1197";"582";"615";"261";"157";"104"
"24";"Rio Grande do Norte";"Indígena";"45 a 54 anos";"1108";"541";"567";"763";"329";"434";"345";"212";"133"
"24";"Rio Grande do Norte";"Indígena";"55 a 64 anos";"860";"402";"458";"556";"236";"320";"304";"166";"138"
"24";"Rio Grande do Norte";"Indígena";"65 anos ou mais";"825";"348";"477";"436";"191";"245";"389";"157";"232"
"25";"Paraíba";"Total";"Total";"3147766";"1496254";"1651512";"2645317";"1216775";"1428542";"502449";"279479";"222970"
"25";"Paraíba";"Total";"15 a 19 anos";"296275";"151543";"144732";"288708";"146019";"142689";"7567";"5524";"2043"
"25";"Paraíba";"Total";"20 a 24 anos";"301247";"151096";"150151";"293143";"145361";"147782";"8104";"5735";"2369"
"25";"Paraíba";"Total";"25 a 34 anos";"592416";"287875";"304541";"567678";"270590";"297088";"24738";"17285";"7453"
"25";"Paraíba";"Total";"35 a 44 anos";"618467";"297447";"321020";"551625";"255280";"296345";"66842";"42167";"24675"
"25";"Paraíba";"Total";"45 a 54 anos";"503205";"238674";"264531";"396448";"174987";"221461";"106757";"63687";"43070"
"25";"Paraíba";"Total";"55 a 64 anos";"397519";"183228";"214291";"286795";"122003";"164792";"110724";"61225";"49499"
"25";"Paraíba";"Total";"65 anos ou mais";"438637";"186391";"252246";"260920";"102535";"158385";"177717";"83856";"93861"
"25";"Paraíba";"Branca";"Total";"1106017";"511736";"594281";"960653";"433089";"527564";"145364";"78647";"66717"
"25";"Paraíba";"Branca";"15 a 19 anos";"103607";"52331";"51276";"101193";"50661";"50532";"2414";"1670";"744"
"25";"Paraíba";"Branca";"20 a 24 anos";"101271";"50597";"50674";"98816";"48952";"49864";"2455";"1645";"810"
"25";"Paraíba";"Branca";"25 a 34 anos";"195030";"94962";"100068";"188164";"90287";"97877";"6866";"4675";"2191"
"25";"Paraíba";"Branca";"35 a 44 anos";"208022";"97685";"110337";"190695";"86849";"103846";"17327";"10836";"6491"
"25";"Paraíba";"Branca";"45 a 54 anos";"174234";"79864";"94370";"145665";"62952";"82713";"28569";"16912";"11657"
"25";"Paraíba";"Branca";"55 a 64 anos";"144428";"64344";"80084";"114420";"47820";"66600";"30008";"16524";"13484"
"25";"Paraíba";"Branca";"65 anos ou mais";"179425";"71953";"107472";"121700";"45568";"76132";"57725";"26385";"31340"
"25";"Paraíba";"Preta";"Total";"277118";"144866";"132252";"214960";"109116";"105844";"62158";"35750";"26408"
"25";"Paraíba";"Preta";"15 a 19 anos";"20694";"11258";"9436";"20024";"10735";"9289";"670";"523";"147"
"25";"Paraíba";"Preta";"20 a 24 anos";"24980";"13597";"11383";"24095";"12939";"11156";"885";"658";"227"
"25";"Paraíba";"Preta";"25 a 34 anos";"49861";"27121";"22740";"47066";"25034";"22032";"2795";"2087";"708"
"25";"Paraíba";"Preta";"35 a 44 anos";"54753";"29504";"25249";"46873";"24326";"22547";"7880";"5178";"2702"
"25";"Paraíba";"Preta";"45 a 54 anos";"48139";"25579";"22560";"34749";"17197";"17552";"13390";"8382";"5008"
"25";"Paraíba";"Preta";"55 a 64 anos";"38040";"19079";"18961";"23605";"10927";"12678";"14435";"8152";"6283"
"25";"Paraíba";"Preta";"65 anos ou mais";"40651";"18728";"21923";"18548";"7958";"10590";"22103";"10770";"11333"
"25";"Paraíba";"Amarela";"Total";"4115";"1714";"2401";"3583";"1446";"2137";"532";"268";"264"
"25";"Paraíba";"Amarela";"15 a 19 anos";"325";"135";"190";"318";"131";"187";"7";"4";"3"
"25";"Paraíba";"Amarela";"20 a 24 anos";"459";"197";"262";"447";"190";"257";"12";"7";"5"
"25";"Paraíba";"Amarela";"25 a 34 anos";"870";"336";"534";"854";"327";"527";"16";"9";"7"
"25";"Paraíba";"Amarela";"35 a 44 anos";"878";"360";"518";"800";"317";"483";"78";"43";"35"
"25";"Paraíba";"Amarela";"45 a 54 anos";"618";"263";"355";"504";"196";"308";"114";"67";"47"
"25";"Paraíba";"Amarela";"55 a 64 anos";"439";"193";"246";"332";"141";"191";"107";"52";"55"
"25";"Paraíba";"Amarela";"65 anos ou mais";"526";"230";"296";"328";"144";"184";"198";"86";"112"
"25";"Paraíba";"Parda";"Total";"1741725";"828837";"912888";"1450832";"665919";"784913";"290893";"162918";"127975"
"25";"Paraíba";"Parda";"15 a 19 anos";"169365";"86648";"82717";"164993";"83390";"81603";"4372";"3258";"1114"
"25";"Paraíba";"Parda";"20 a 24 anos";"172421";"85661";"86760";"167767";"82298";"85469";"4654";"3363";"1291"
"25";"Paraíba";"Parda";"25 a 34 anos";"342757";"163586";"179171";"327939";"153221";"174718";"14818";"10365";"4453"
"25";"Paraíba";"Parda";"35 a 44 anos";"351075";"168071";"183004";"310093";"142308";"167785";"40982";"25763";"15219"
"25";"Paraíba";"Parda";"45 a 54 anos";"277386";"131586";"145800";"213461";"93696";"119765";"63925";"37890";"26035"
"25";"Paraíba";"Parda";"55 a 64 anos";"212580";"98635";"113945";"147149";"62551";"84598";"65431";"36084";"29347"
"25";"Paraíba";"Parda";"65 anos ou mais";"216141";"94650";"121491";"119430";"48455";"70975";"96711";"46195";"50516"
"25";"Paraíba";"Indígena";"Total";"18734";"9071";"9663";"15243";"7180";"8063";"3491";"1891";"1600"
"25";"Paraíba";"Indígena";"15 a 19 anos";"2277";"1166";"1111";"2173";"1097";"1076";"104";"69";"35"
"25";"Paraíba";"Indígena";"20 a 24 anos";"2112";"1042";"1070";"2014";"980";"1034";"98";"62";"36"
"25";"Paraíba";"Indígena";"25 a 34 anos";"3887";"1865";"2022";"3645";"1717";"1928";"242";"148";"94"
"25";"Paraíba";"Indígena";"35 a 44 anos";"3729";"1822";"1907";"3154";"1475";"1679";"575";"347";"228"
"25";"Paraíba";"Indígena";"45 a 54 anos";"2822";"1378";"1444";"2065";"943";"1122";"757";"435";"322"
"25";"Paraíba";"Indígena";"55 a 64 anos";"2022";"971";"1051";"1284";"561";"723";"738";"410";"328"
"25";"Paraíba";"Indígena";"65 anos ou mais";"1885";"827";"1058";"908";"407";"501";"977";"420";"557"
"26";"Pernambuco";"Total";"Total";"7164252";"3355616";"3808636";"6203293";"2857604";"3345689";"960959";"498012";"462947"
"26";"Pernambuco";"Total";"15 a 19 anos";"685570";"348046";"337524";"669083";"336184";"332899";"16487";"11862";"4625"
"26";"Pernambuco";"Total";"20 a 24 anos";"712918";"355843";"357075";"693655";"342292";"351363";"19263";"13551";"5712"
"26";"Pernambuco";"Total";"25 a 34 anos";"1366445";"655925";"710520";"1310412";"617902";"692510";"56033";"38023";"18010"
"26";"Pernambuco";"Total";"35 a 44 anos";"1411347";"668221";"743126";"1281410";"589283";"692127";"129937";"78938";"50999"
"26";"Pernambuco";"Total";"45 a 54 anos";"1163728";"540905";"622823";"967933";"433473";"534460";"195795";"107432";"88363"
"26";"Pernambuco";"Total";"55 a 64 anos";"900844";"404406";"496438";"682134";"296134";"386000";"218710";"108272";"110438"
"26";"Pernambuco";"Total";"65 anos ou mais";"923400";"382270";"541130";"598666";"242336";"356330";"324734";"139934";"184800"
"26";"Pernambuco";"Branca";"Total";"2371974";"1070420";"1301554";"2109979";"939846";"1170133";"261995";"130574";"131421"
"26";"Pernambuco";"Branca";"15 a 19 anos";"220371";"109139";"111232";"215678";"105957";"109721";"4693";"3182";"1511"
"26";"Pernambuco";"Branca";"20 a 24 anos";"222117";"108989";"113128";"216920";"105557";"111363";"5197";"3432";"1765"
"26";"Pernambuco";"Branca";"25 a 34 anos";"424887";"201262";"223625";"410736";"191957";"218779";"14151";"9305";"4846"
"26";"Pernambuco";"Branca";"35 a 44 anos";"452592";"206630";"245962";"420523";"187425";"233098";"32069";"19205";"12864"
"26";"Pernambuco";"Branca";"45 a 54 anos";"379410";"168434";"210976";"330023";"141812";"188211";"49387";"26622";"22765"
"26";"Pernambuco";"Branca";"55 a 64 anos";"308934";"133968";"174966";"252514";"106341";"146173";"56420";"27627";"28793"
"26";"Pernambuco";"Branca";"65 anos ou mais";"363663";"141998";"221665";"263585";"100797";"162788";"100078";"41201";"58877"
"26";"Pernambuco";"Preta";"Total";"789138";"399150";"389988";"659635";"330153";"329482";"129503";"68997";"60506"
"26";"Pernambuco";"Preta";"15 a 19 anos";"61517";"32694";"28823";"59813";"31430";"28383";"1704";"1264";"440"
"26";"Pernambuco";"Preta";"20 a 24 anos";"74904";"39836";"35068";"72761";"38238";"34523";"2143";"1598";"545"
"26";"Pernambuco";"Preta";"25 a 34 anos";"150435";"78356";"72079";"143413";"73326";"70087";"7022";"5030";"1992"
"26";"Pernambuco";"Preta";"35 a 44 anos";"158211";"82413";"75798";"141684";"71857";"69827";"16527";"10556";"5971"
"26";"Pernambuco";"Preta";"45 a 54 anos";"137428";"70210";"67218";"110863";"55117";"55746";"26565";"15093";"11472"
"26";"Pernambuco";"Preta";"55 a 64 anos";"105414";"50945";"54469";"74348";"35142";"39206";"31066";"15803";"15263"
"26";"Pernambuco";"Preta";"65 anos ou mais";"101229";"44696";"56533";"56753";"25043";"31710";"44476";"19653";"24823"
"26";"Pernambuco";"Amarela";"Total";"11105";"4366";"6739";"9968";"3817";"6151";"1137";"549";"588"
"26";"Pernambuco";"Amarela";"15 a 19 anos";"976";"394";"582";"956";"380";"576";"20";"14";"6"
"26";"Pernambuco";"Amarela";"20 a 24 anos";"1223";"493";"730";"1205";"483";"722";"18";"10";"8"
"26";"Pernambuco";"Amarela";"25 a 34 anos";"2396";"900";"1496";"2331";"861";"1470";"65";"39";"26"
"26";"Pernambuco";"Amarela";"35 a 44 anos";"2292";"873";"1419";"2131";"789";"1342";"161";"84";"77"
"26";"Pernambuco";"Amarela";"45 a 54 anos";"1627";"614";"1013";"1394";"493";"901";"233";"121";"112"
"26";"Pernambuco";"Amarela";"55 a 64 anos";"1251";"518";"733";"1003";"403";"600";"248";"115";"133"
"26";"Pernambuco";"Amarela";"65 anos ou mais";"1340";"574";"766";"948";"408";"540";"392";"166";"226"
"26";"Pernambuco";"Parda";"Total";"3927439";"1849946";"2077493";"3370021";"1557940";"1812081";"557418";"292006";"265412"
"26";"Pernambuco";"Parda";"15 a 19 anos";"394970";"201791";"193179";"385177";"194580";"190597";"9793";"7211";"2582"
"26";"Pernambuco";"Parda";"20 a 24 anos";"406851";"202459";"204392";"395237";"194161";"201076";"11614";"8298";"3316"
"26";"Pernambuco";"Parda";"25 a 34 anos";"775503";"368766";"406737";"741537";"345697";"395840";"33966";"23069";"10897"
"26";"Pernambuco";"Parda";"35 a 44 anos";"786076";"372312";"413764";"706577";"324270";"382307";"79499";"48042";"31457"
"26";"Pernambuco";"Parda";"45 a 54 anos";"635856";"297091";"338765";"518374";"232700";"285674";"117482";"64391";"53091"
"26";"Pernambuco";"Parda";"55 a 64 anos";"478150";"215661";"262489";"349480";"152094";"197386";"128670";"63567";"65103"
"26";"Pernambuco";"Parda";"65 anos ou mais";"450033";"191866";"258167";"273639";"114438";"159201";"176394";"77428";"98966"
"26";"Pernambuco";"Indígena";"Total";"62871";"30353";"32518";"52029";"24510";"27519";"10842";"5843";"4999"
"26";"Pernambuco";"Indígena";"15 a 19 anos";"7686";"3984";"3702";"7410";"3794";"3616";"276";"190";"86"
"26";"Pernambuco";"Indígena";"20 a 24 anos";"7458";"3725";"3733";"7170";"3515";"3655";"288";"210";"78"
"26";"Pernambuco";"Indígena";"25 a 34 anos";"12621";"6130";"6491";"11796";"5554";"6242";"825";"576";"249"
"26";"Pernambuco";"Indígena";"35 a 44 anos";"11793";"5711";"6082";"10122";"4667";"5455";"1671";"1044";"627"
"26";"Pernambuco";"Indígena";"45 a 54 anos";"9239";"4446";"4793";"7127";"3253";"3874";"2112";"1193";"919"
"26";"Pernambuco";"Indígena";"55 a 64 anos";"6996";"3244";"3752";"4704";"2094";"2610";"2292";"1150";"1142"
"26";"Pernambuco";"Indígena";"65 anos ou mais";"7078";"3113";"3965";"3700";"1633";"2067";"3378";"1480";"1898"
"27";"Alagoas";"Total";"Total";"2415992";"1135017";"1280975";"1989262";"917960";"1071302";"426730";"217057";"209673"
"27";"Alagoas";"Total";"15 a 19 anos";"258193";"131153";"127040";"250018";"125324";"124694";"8175";"5829";"2346"
"27";"Alagoas";"Total";"20 a 24 anos";"258640";"126842";"131798";"248470";"119802";"128668";"10170";"7040";"3130"
"27";"Alagoas";"Total";"25 a 34 anos";"471065";"222479";"248586";"444098";"205133";"238965";"26967";"17346";"9621"
"27";"Alagoas";"Total";"35 a 44 anos";"472438";"221706";"250732";"404986";"183956";"221030";"67452";"37750";"29702"
"27";"Alagoas";"Total";"45 a 54 anos";"386829";"179684";"207145";"294514";"131916";"162598";"92315";"47768";"44547"
"27";"Alagoas";"Total";"55 a 64 anos";"288947";"131680";"157267";"194906";"86892";"108014";"94041";"44788";"49253"
"27";"Alagoas";"Total";"65 anos ou mais";"279880";"121473";"158407";"152270";"64937";"87333";"127610";"56536";"71074"
"27";"Alagoas";"Branca";"Total";"688096";"313917";"374179";"588545";"265271";"323274";"99551";"48646";"50905"
"27";"Alagoas";"Branca";"15 a 19 anos";"74705";"37056";"37649";"72610";"35602";"37008";"2095";"1454";"641"
"27";"Alagoas";"Branca";"20 a 24 anos";"70368";"34427";"35941";"67920";"32822";"35098";"2448";"1605";"843"
"27";"Alagoas";"Branca";"25 a 34 anos";"124990";"58976";"66014";"118949";"55230";"63719";"6041";"3746";"2295"
"27";"Alagoas";"Branca";"35 a 44 anos";"130632";"59427";"71205";"116015";"51323";"64692";"14617";"8104";"6513"
"27";"Alagoas";"Branca";"45 a 54 anos";"109248";"48597";"60651";"88973";"38396";"50577";"20275";"10201";"10074"
"27";"Alagoas";"Branca";"55 a 64 anos";"84677";"37509";"47168";"63959";"27856";"36103";"20718";"9653";"11065"
"27";"Alagoas";"Branca";"65 anos ou mais";"93476";"37925";"55551";"60119";"24042";"36077";"33357";"13883";"19474"
"27";"Alagoas";"Preta";"Total";"256528";"134654";"121874";"196286";"102359";"93927";"60242";"32295";"27947"
"27";"Alagoas";"Preta";"15 a 19 anos";"22020";"12015";"10005";"21102";"11347";"9755";"918";"668";"250"
"27";"Alagoas";"Preta";"20 a 24 anos";"26400";"14240";"12160";"25092";"13314";"11778";"1308";"926";"382"
"27";"Alagoas";"Preta";"25 a 34 anos";"49672";"26514";"23158";"46180";"24094";"22086";"3492";"2420";"1072"
"27";"Alagoas";"Preta";"35 a 44 anos";"50418";"27094";"23324";"41256";"21614";"19642";"9162";"5480";"3682"
"27";"Alagoas";"Preta";"45 a 54 anos";"43868";"23264";"20604";"30674";"15997";"14677";"13194";"7267";"5927"
"27";"Alagoas";"Preta";"55 a 64 anos";"33124";"16765";"16359";"19096";"9724";"9372";"14028";"7041";"6987"
"27";"Alagoas";"Preta";"65 anos ou mais";"31026";"14762";"16264";"12886";"6269";"6617";"18140";"8493";"9647"
"27";"Alagoas";"Amarela";"Total";"4430";"1659";"2771";"3880";"1411";"2469";"550";"248";"302"
"27";"Alagoas";"Amarela";"15 a 19 anos";"461";"181";"280";"454";"176";"278";"7";"5";"2"
"27";"Alagoas";"Amarela";"20 a 24 anos";"547";"189";"358";"533";"178";"355";"14";"11";"3"
"27";"Alagoas";"Amarela";"25 a 34 anos";"1051";"377";"674";"1005";"355";"650";"46";"22";"24"
"27";"Alagoas";"Amarela";"35 a 44 anos";"961";"360";"601";"860";"315";"545";"101";"45";"56"
"27";"Alagoas";"Amarela";"45 a 54 anos";"634";"219";"415";"515";"172";"343";"119";"47";"72"
"27";"Alagoas";"Amarela";"55 a 64 anos";"406";"173";"233";"293";"121";"172";"113";"52";"61"
"27";"Alagoas";"Amarela";"65 anos ou mais";"370";"160";"210";"220";"94";"126";"150";"66";"84"
"27";"Alagoas";"Parda";"Total";"1451921";"677477";"774444";"1188535";"543190";"645345";"263386";"134287";"129099"
"27";"Alagoas";"Parda";"15 a 19 anos";"159010";"80862";"78148";"153919";"77204";"76715";"5091";"3658";"1433"
"27";"Alagoas";"Parda";"20 a 24 anos";"159482";"77058";"82424";"153162";"72622";"80540";"6320";"4436";"1884"
"27";"Alagoas";"Parda";"25 a 34 anos";"292337";"135122";"157215";"275163";"124111";"151052";"17174";"11011";"6163"
"27";"Alagoas";"Parda";"35 a 44 anos";"287599";"133476";"154123";"244562";"109645";"134917";"43037";"23831";"19206"
"27";"Alagoas";"Parda";"45 a 54 anos";"230876";"106567";"124309";"172802";"76668";"96134";"58074";"29899";"28175"
"27";"Alagoas";"Parda";"55 a 64 anos";"169146";"76485";"92661";"110574";"48738";"61836";"58572";"27747";"30825"
"27";"Alagoas";"Parda";"65 anos ou mais";"153471";"67907";"85564";"78353";"34202";"44151";"75118";"33705";"41413"
"27";"Alagoas";"Indígena";"Total";"14927";"7267";"7660";"11941";"5692";"6249";"2986";"1575";"1411"
"27";"Alagoas";"Indígena";"15 a 19 anos";"1989";"1035";"954";"1925";"991";"934";"64";"44";"20"
"27";"Alagoas";"Indígena";"20 a 24 anos";"1836";"924";"912";"1757";"863";"894";"79";"61";"18"
"27";"Alagoas";"Indígena";"25 a 34 anos";"2999";"1480";"1519";"2786";"1334";"1452";"213";"146";"67"
"27";"Alagoas";"Indígena";"35 a 44 anos";"2808";"1341";"1467";"2277";"1052";"1225";"531";"289";"242"
"27";"Alagoas";"Indígena";"45 a 54 anos";"2187";"1030";"1157";"1535";"677";"858";"652";"353";"299"
"27";"Alagoas";"Indígena";"55 a 64 anos";"1582";"742";"840";"976";"448";"528";"606";"294";"312"
"27";"Alagoas";"Indígena";"65 anos ou mais";"1526";"715";"811";"685";"327";"358";"841";"388";"453"
"28";"Sergipe";"Total";"Total";"1740503";"818111";"922392";"1500088";"689719";"810369";"240415";"128392";"112023"
"28";"Sergipe";"Total";"15 a 19 anos";"172544";"87495";"85049";"168053";"84264";"83789";"4491";"3231";"1260"
"28";"Sergipe";"Total";"20 a 24 anos";"178868";"88110";"90758";"174075";"84699";"89376";"4793";"3411";"1382"
"28";"Sergipe";"Total";"25 a 34 anos";"344975";"163729";"181246";"331555";"154418";"177137";"13420";"9311";"4109"
"28";"Sergipe";"Total";"35 a 44 anos";"351624";"165026";"186598";"317063";"143764";"173299";"34561";"21262";"13299"
"28";"Sergipe";"Total";"45 a 54 anos";"280576";"130788";"149788";"229498";"101934";"127564";"51078";"28854";"22224"
"28";"Sergipe";"Total";"55 a 64 anos";"209924";"96204";"113720";"156675";"69070";"87605";"53249";"27134";"26115"
"28";"Sergipe";"Total";"65 anos ou mais";"201992";"86759";"115233";"123169";"51570";"71599";"78823";"35189";"43634"
"28";"Sergipe";"Branca";"Total";"430809";"198674";"232135";"378001";"171161";"206840";"52808";"27513";"25295"
"28";"Sergipe";"Branca";"15 a 19 anos";"43152";"21514";"21638";"42111";"20799";"21312";"1041";"715";"326"
"28";"Sergipe";"Branca";"20 a 24 anos";"42438";"21312";"21126";"41340";"20553";"20787";"1098";"759";"339"
"28";"Sergipe";"Branca";"25 a 34 anos";"77658";"37429";"40229";"74846";"35537";"39309";"2812";"1892";"920"
"28";"Sergipe";"Branca";"35 a 44 anos";"83493";"38415";"45078";"76563";"34143";"42420";"6930";"4272";"2658"
"28";"Sergipe";"Branca";"45 a 54 anos";"68292";"30766";"37526";"57870";"24928";"32942";"10422";"5838";"4584"
"28";"Sergipe";"Branca";"55 a 64 anos";"53994";"24102";"29892";"43025";"18477";"24548";"10969";"5625";"5344"
"28";"Sergipe";"Branca";"65 anos ou mais";"61782";"25136";"36646";"42246";"16724";"25522";"19536";"8412";"11124"
"28";"Sergipe";"Preta";"Total";"242656";"123661";"118995";"203782";"102079";"101703";"38874";"21582";"17292"
"28";"Sergipe";"Preta";"15 a 19 anos";"20760";"10906";"9854";"20177";"10448";"9729";"583";"458";"125"
"28";"Sergipe";"Preta";"20 a 24 anos";"24646";"12857";"11789";"23929";"12344";"11585";"717";"513";"204"
"28";"Sergipe";"Preta";"25 a 34 anos";"49080";"25349";"23731";"46992";"23829";"23163";"2088";"1520";"568"
"28";"Sergipe";"Preta";"35 a 44 anos";"50851";"26206";"24645";"45506";"22734";"22772";"5345";"3472";"1873"
"28";"Sergipe";"Preta";"45 a 54 anos";"40727";"20996";"19731";"32416";"16058";"16358";"8311";"4938";"3373"
"28";"Sergipe";"Preta";"55 a 64 anos";"29613";"14794";"14819";"20563";"10021";"10542";"9050";"4773";"4277"
"28";"Sergipe";"Preta";"65 anos ou mais";"26979";"12553";"14426";"14199";"6645";"7554";"12780";"5908";"6872"
"28";"Sergipe";"Amarela";"Total";"2486";"1008";"1478";"2240";"879";"1361";"246";"129";"117"
"28";"Sergipe";"Amarela";"15 a 19 anos";"239";"93";"146";"235";"90";"145";"4";"3";"1"
"28";"Sergipe";"Amarela";"20 a 24 anos";"247";"85";"162";"245";"84";"161";"2";"1";"1"
"28";"Sergipe";"Amarela";"25 a 34 anos";"564";"235";"329";"543";"222";"321";"21";"13";"8"
"28";"Sergipe";"Amarela";"35 a 44 anos";"593";"239";"354";"548";"212";"336";"45";"27";"18"
"28";"Sergipe";"Amarela";"45 a 54 anos";"347";"136";"211";"298";"109";"189";"49";"27";"22"
"28";"Sergipe";"Amarela";"55 a 64 anos";"256";"108";"148";"203";"86";"117";"53";"22";"31"
"28";"Sergipe";"Amarela";"65 anos ou mais";"240";"112";"128";"168";"76";"92";"72";"36";"36"
"28";"Sergipe";"Parda";"Total";"1060594";"492861";"567733";"912578";"413946";"498632";"148016";"78915";"69101"
"28";"Sergipe";"Parda";"15 a 19 anos";"108085";"54818";"53267";"105228";"52769";"52459";"2857";"2049";"808"
"28";"Sergipe";"Parda";"20 a 24 anos";"111208";"53696";"57512";"108246";"51567";"56679";"2962";"2129";"833"
"28";"Sergipe";"Parda";"25 a 34 anos";"216918";"100363";"116555";"208440";"94495";"113945";"8478";"5868";"2610"
"28";"Sergipe";"Parda";"35 a 44 anos";"215875";"99750";"116125";"193701";"86307";"107394";"22174";"13443";"8731"
"28";"Sergipe";"Parda";"45 a 54 anos";"170552";"78570";"91982";"138338";"60568";"77770";"32214";"18002";"14212"
"28";"Sergipe";"Parda";"55 a 64 anos";"125509";"56947";"68562";"92433";"40286";"52147";"33076";"16661";"16415"
"28";"Sergipe";"Parda";"65 anos ou mais";"112447";"48717";"63730";"66192";"27954";"38238";"46255";"20763";"25492"
"28";"Sergipe";"Indígena";"Total";"3895";"1879";"2016";"3435";"1632";"1803";"460";"247";"213"
"28";"Sergipe";"Indígena";"15 a 19 anos";"303";"162";"141";"297";"156";"141";"6";"6";"-"
"28";"Sergipe";"Indígena";"20 a 24 anos";"327";"159";"168";"313";"150";"163";"14";"9";"5"
"28";"Sergipe";"Indígena";"25 a 34 anos";"740";"347";"393";"719";"329";"390";"21";"18";"3"
"28";"Sergipe";"Indígena";"35 a 44 anos";"801";"411";"390";"737";"365";"372";"64";"46";"18"
"28";"Sergipe";"Indígena";"45 a 54 anos";"649";"315";"334";"569";"268";"301";"80";"47";"33"
"28";"Sergipe";"Indígena";"55 a 64 anos";"545";"250";"295";"446";"198";"248";"99";"52";"47"
"28";"Sergipe";"Indígena";"65 anos ou mais";"530";"235";"295";"354";"166";"188";"176";"69";"107"
"29";"Bahia";"Total";"Total";"11278555";"5378689";"5899866";"9857608";"4638098";"5219510";"1420947";"740591";"680356"
"29";"Bahia";"Total";"15 a 19 anos";"1068959";"542861";"526098";"1046759";"527420";"519339";"22200";"15441";"6759"
"29";"Bahia";"Total";"20 a 24 anos";"1084267";"536500";"547767";"1059941";"519851";"540090";"24326";"16649";"7677"
"29";"Bahia";"Total";"25 a 34 anos";"2042659";"971606";"1071053";"1979710";"929403";"1050307";"62949";"42203";"20746"
"29";"Bahia";"Total";"35 a 44 anos";"2330893";"1113404";"1217489";"2163355";"1009429";"1153926";"167538";"103975";"63563"
"29";"Bahia";"Total";"45 a 54 anos";"1818416";"874334";"944082";"1546882";"718486";"828396";"271534";"155848";"115686"
"29";"Bahia";"Total";"55 a 64 anos";"1427337";"672295";"755042";"1108148";"507241";"600907";"319189";"165054";"154135"
"29";"Bahia";"Total";"65 anos ou mais";"1506024";"667689";"838335";"952813";"426268";"526545";"553211";"241421";"311790"
"29";"Bahia";"Branca";"Total";"2189932";"1025050";"1164882";"1942523";"900476";"1042047";"247409";"124574";"122835"
"29";"Bahia";"Branca";"15 a 19 anos";"200887";"99223";"101664";"197028";"96686";"100342";"3859";"2537";"1322"
"29";"Bahia";"Branca";"20 a 24 anos";"196912";"96865";"100047";"192845";"94293";"98552";"4067";"2572";"1495"
"29";"Bahia";"Branca";"25 a 34 anos";"357038";"171373";"185665";"347081";"165055";"182026";"9957";"6318";"3639"
"29";"Bahia";"Branca";"35 a 44 anos";"418515";"195918";"222597";"393081";"180434";"212647";"25434";"15484";"9950"
"29";"Bahia";"Branca";"45 a 54 anos";"346236";"163124";"183112";"304235";"139101";"165134";"42001";"24023";"17978"
"29";"Bahia";"Branca";"55 a 64 anos";"293155";"136850";"156305";"241917";"110206";"131711";"51238";"26644";"24594"
"29";"Bahia";"Branca";"65 anos ou mais";"377189";"161697";"215492";"266336";"114701";"151635";"110853";"46996";"63857"
"29";"Bahia";"Preta";"Total";"2647693";"1292372";"1355321";"2294848";"1105797";"1189051";"352845";"186575";"166270"
"29";"Bahia";"Preta";"15 a 19 anos";"228791";"117049";"111742";"223814";"113541";"110273";"4977";"3508";"1469"
"29";"Bahia";"Preta";"20 a 24 anos";"260821";"130429";"130392";"255092";"126364";"128728";"5729";"4065";"1664"
"29";"Bahia";"Preta";"25 a 34 anos";"506897";"247236";"259661";"491301";"236427";"254874";"15596";"10809";"4787"
"29";"Bahia";"Preta";"35 a 44 anos";"579367";"284824";"294543";"537163";"258000";"279163";"42204";"26824";"15380"
"29";"Bahia";"Preta";"45 a 54 anos";"438339";"218569";"219770";"369398";"178240";"191158";"68941";"40329";"28612"
"29";"Bahia";"Preta";"55 a 64 anos";"323530";"156207";"167323";"241429";"113430";"127999";"82101";"42777";"39324"
"29";"Bahia";"Preta";"65 anos ou mais";"309948";"138058";"171890";"176651";"79795";"96856";"133297";"58263";"75034"
"29";"Bahia";"Amarela";"Total";"13359";"5597";"7762";"12192";"5004";"7188";"1167";"593";"574"
"29";"Bahia";"Amarela";"15 a 19 anos";"1168";"500";"668";"1150";"491";"659";"18";"9";"9"
"29";"Bahia";"Amarela";"20 a 24 anos";"1236";"462";"774";"1219";"449";"770";"17";"13";"4"
"29";"Bahia";"Amarela";"25 a 34 anos";"2501";"961";"1540";"2429";"913";"1516";"72";"48";"24"
"29";"Bahia";"Amarela";"35 a 44 anos";"2766";"1117";"1649";"2637";"1040";"1597";"129";"77";"52"
"29";"Bahia";"Amarela";"45 a 54 anos";"2014";"866";"1148";"1788";"745";"1043";"226";"121";"105"
"29";"Bahia";"Amarela";"55 a 64 anos";"1630";"730";"900";"1364";"588";"776";"266";"142";"124"
"29";"Bahia";"Amarela";"65 anos ou mais";"2044";"961";"1083";"1605";"778";"827";"439";"183";"256"
"29";"Bahia";"Parda";"Total";"6363022";"3024712";"3338310";"5554289";"2601103";"2953186";"808733";"423609";"385124"
"29";"Bahia";"Parda";"15 a 19 anos";"631090";"322580";"308510";"617951";"313326";"304625";"13139";"9254";"3885"
"29";"Bahia";"Parda";"20 a 24 anos";"618610";"305379";"313231";"604290";"295498";"308792";"14320";"9881";"4439"
"29";"Bahia";"Parda";"25 a 34 anos";"1164508";"546432";"618076";"1127680";"521720";"605960";"36828";"24712";"12116"
"29";"Bahia";"Parda";"35 a 44 anos";"1317641";"625359";"692282";"1219195";"564520";"654675";"98446";"60839";"37607"
"29";"Bahia";"Parda";"45 a 54 anos";"1021954";"486978";"534976";"863708";"396696";"467012";"158246";"90282";"67964"
"29";"Bahia";"Parda";"55 a 64 anos";"800837";"374687";"426150";"617852";"280414";"337438";"182985";"94273";"88712"
"29";"Bahia";"Parda";"65 anos ou mais";"808382";"363297";"445085";"503613";"228929";"274684";"304769";"134368";"170401"
"29";"Bahia";"Indígena";"Total";"64163";"30770";"33393";"53418";"25558";"27860";"10745";"5212";"5533"
"29";"Bahia";"Indígena";"15 a 19 anos";"6995";"3488";"3507";"6792";"3358";"3434";"203";"130";"73"
"29";"Bahia";"Indígena";"20 a 24 anos";"6655";"3351";"3304";"6464";"3235";"3229";"191";"116";"75"
"29";"Bahia";"Indígena";"25 a 34 anos";"11636";"5569";"6067";"11143";"5256";"5887";"493";"313";"180"
"29";"Bahia";"Indígena";"35 a 44 anos";"12522";"6145";"6377";"11200";"5397";"5803";"1322";"748";"574"
"29";"Bahia";"Indígena";"45 a 54 anos";"9810";"4764";"5046";"7704";"3677";"4027";"2106";"1087";"1019"
"29";"Bahia";"Indígena";"55 a 64 anos";"8136";"3800";"4336";"5547";"2586";"2961";"2589";"1214";"1375"
"29";"Bahia";"Indígena";"65 anos ou mais";"8409";"3653";"4756";"4568";"2049";"2519";"3841";"1604";"2237"
"31";"Minas Gerais";"Total";"Total";"16832070";"8126918";"8705152";"15847064";"7643934";"8203130";"985006";"482984";"502022"
"31";"Minas Gerais";"Total";"15 a 19 anos";"1363591";"692733";"670858";"1348694";"682937";"665757";"14897";"9796";"5101"
"31";"Minas Gerais";"Total";"20 a 24 anos";"1526557";"768502";"758055";"1510670";"758186";"752484";"15887";"10316";"5571"
"31";"Minas Gerais";"Total";"25 a 34 anos";"3076949";"1522706";"1554243";"3038658";"1497642";"1541016";"38291";"25064";"13227"
"31";"Minas Gerais";"Total";"35 a 44 anos";"3216156";"1572371";"1643785";"3137486";"1523398";"1614088";"78670";"48973";"29697"
"31";"Minas Gerais";"Total";"45 a 54 anos";"2725819";"1317136";"1408683";"2584117";"1236907";"1347210";"141702";"80229";"61473"
"31";"Minas Gerais";"Total";"55 a 64 anos";"2379906";"1124864";"1255042";"2171739";"1017944";"1153795";"208167";"106920";"101247"
"31";"Minas Gerais";"Total";"65 anos ou mais";"2543092";"1128606";"1414486";"2055700";"926920";"1128780";"487392";"201686";"285706"
"31";"Minas Gerais";"Branca";"Total";"6946400";"3254837";"3691563";"6661136";"3119539";"3541597";"285264";"135298";"149966"
"31";"Minas Gerais";"Branca";"15 a 19 anos";"499790";"248760";"251030";"495301";"245998";"249303";"4489";"2762";"1727"
"31";"Minas Gerais";"Branca";"20 a 24 anos";"563171";"277246";"285925";"558499";"274429";"284070";"4672";"2817";"1855"
"31";"Minas Gerais";"Branca";"25 a 34 anos";"1163638";"563955";"599683";"1153092";"557569";"595523";"10546";"6386";"4160"
"31";"Minas Gerais";"Branca";"35 a 44 anos";"1261058";"597825";"663233";"1241422";"585964";"655458";"19636";"11861";"7775"
"31";"Minas Gerais";"Branca";"45 a 54 anos";"1120034";"523079";"596955";"1085669";"503736";"581933";"34365";"19343";"15022"
"31";"Minas Gerais";"Branca";"55 a 64 anos";"1071599";"495582";"576017";"1017125";"467345";"549780";"54474";"28237";"26237"
"31";"Minas Gerais";"Branca";"65 anos ou mais";"1267110";"548390";"718720";"1110028";"484498";"625530";"157082";"63892";"93190"
"31";"Minas Gerais";"Preta";"Total";"2115780";"1074627";"1041153";"1937091";"984104";"952987";"178689";"90523";"88166"
"31";"Minas Gerais";"Preta";"15 a 19 anos";"156430";"81860";"74570";"154430";"80440";"73990";"2000";"1420";"580"
"31";"Minas Gerais";"Preta";"20 a 24 anos";"200584";"104437";"96147";"198165";"102752";"95413";"2419";"1685";"734"
"31";"Minas Gerais";"Preta";"25 a 34 anos";"417147";"217756";"199391";"410879";"213295";"197584";"6268";"4461";"1807"
"31";"Minas Gerais";"Preta";"35 a 44 anos";"426959";"222639";"204320";"413027";"213478";"199549";"13932";"9161";"4771"
"31";"Minas Gerais";"Preta";"45 a 54 anos";"350815";"180894";"169921";"324173";"165135";"159038";"26642";"15759";"10883"
"31";"Minas Gerais";"Preta";"55 a 64 anos";"283816";"139823";"143993";"243861";"118795";"125066";"39955";"21028";"18927"
"31";"Minas Gerais";"Preta";"65 anos ou mais";"280029";"127218";"152811";"192556";"90209";"102347";"87473";"37009";"50464"
"31";"Minas Gerais";"Amarela";"Total";"27412";"12675";"14737";"26285";"12163";"14122";"1127";"512";"615"
"31";"Minas Gerais";"Amarela";"15 a 19 anos";"1747";"832";"915";"1728";"819";"909";"19";"13";"6"
"31";"Minas Gerais";"Amarela";"20 a 24 anos";"2302";"1050";"1252";"2281";"1036";"1245";"21";"14";"7"
"31";"Minas Gerais";"Amarela";"25 a 34 anos";"5097";"2305";"2792";"5011";"2253";"2758";"86";"52";"34"
"31";"Minas Gerais";"Amarela";"35 a 44 anos";"5534";"2557";"2977";"5419";"2494";"2925";"115";"63";"52"
"31";"Minas Gerais";"Amarela";"45 a 54 anos";"4334";"1921";"2413";"4177";"1844";"2333";"157";"77";"80"
"31";"Minas Gerais";"Amarela";"55 a 64 anos";"3528";"1638";"1890";"3281";"1532";"1749";"247";"106";"141"
"31";"Minas Gerais";"Amarela";"65 anos ou mais";"4870";"2372";"2498";"4388";"2185";"2203";"482";"187";"295"
"31";"Minas Gerais";"Parda";"Total";"7717253";"3772567";"3944686";"7200817";"3517636";"3683181";"516436";"254931";"261505"
"31";"Minas Gerais";"Parda";"15 a 19 anos";"702962";"359964";"342998";"694756";"354455";"340301";"8206";"5509";"2697"
"31";"Minas Gerais";"Parda";"20 a 24 anos";"757640";"384347";"373293";"749009";"378629";"370380";"8631";"5718";"2913"
"31";"Minas Gerais";"Parda";"25 a 34 anos";"1486085";"736134";"749951";"1464943";"722120";"742823";"21142";"14014";"7128"
"31";"Minas Gerais";"Parda";"35 a 44 anos";"1518079";"747089";"770990";"1473567";"719482";"754085";"44512";"27607";"16905"
"31";"Minas Gerais";"Parda";"45 a 54 anos";"1247052";"609467";"637585";"1167024";"564714";"602310";"80028";"44753";"35275"
"31";"Minas Gerais";"Parda";"55 a 64 anos";"1017896";"486400";"531496";"905088";"429189";"475899";"112808";"57211";"55597"
"31";"Minas Gerais";"Parda";"65 anos ou mais";"987539";"449166";"538373";"746430";"349047";"397383";"241109";"100119";"140990"
"31";"Minas Gerais";"Indígena";"Total";"24608";"11878";"12730";"21168";"10184";"10984";"3440";"1694";"1746"
"31";"Minas Gerais";"Indígena";"15 a 19 anos";"2626";"1300";"1326";"2443";"1208";"1235";"183";"92";"91"
"31";"Minas Gerais";"Indígena";"20 a 24 anos";"2793";"1383";"1410";"2650";"1302";"1348";"143";"81";"62"
"31";"Minas Gerais";"Indígena";"25 a 34 anos";"4854";"2474";"2380";"4608";"2325";"2283";"246";"149";"97"
"31";"Minas Gerais";"Indígena";"35 a 44 anos";"4407";"2200";"2207";"3934";"1920";"2014";"473";"280";"193"
"31";"Minas Gerais";"Indígena";"45 a 54 anos";"3497";"1725";"1772";"2991";"1431";"1560";"506";"294";"212"
"31";"Minas Gerais";"Indígena";"55 a 64 anos";"2985";"1376";"1609";"2309";"1042";"1267";"676";"334";"342"
"31";"Minas Gerais";"Indígena";"65 anos ou mais";"3446";"1420";"2026";"2233";"956";"1277";"1213";"464";"749"
"32";"Espírito Santo";"Total";"Total";"3092216";"1491717";"1600499";"2918368";"1409404";"1508964";"173848";"82313";"91535"
"32";"Espírito Santo";"Total";"15 a 19 anos";"256029";"130241";"125788";"253225";"128415";"124810";"2804";"1826";"978"
"32";"Espírito Santo";"Total";"20 a 24 anos";"276033";"138739";"137294";"273062";"136831";"136231";"2971";"1908";"1063"
"32";"Espírito Santo";"Total";"25 a 34 anos";"570974";"280599";"290375";"564186";"276265";"287921";"6788";"4334";"2454"
"32";"Espírito Santo";"Total";"35 a 44 anos";"629235";"306871";"322364";"615143";"298509";"316634";"14092";"8362";"5730"
"32";"Espírito Santo";"Total";"45 a 54 anos";"503318";"243761";"259557";"478896";"230601";"248295";"24422";"13160";"11262"
"32";"Espírito Santo";"Total";"55 a 64 anos";"425644";"200706";"224938";"387027";"181860";"205167";"38617";"18846";"19771"
"32";"Espírito Santo";"Total";"65 anos ou mais";"430983";"190800";"240183";"346829";"156923";"189906";"84154";"33877";"50277"
"32";"Espírito Santo";"Branca";"Total";"1209706";"567347";"642359";"1157163";"543155";"614008";"52543";"24192";"28351"
"32";"Espírito Santo";"Branca";"15 a 19 anos";"85655";"42544";"43111";"84858";"42042";"42816";"797";"502";"295"
"32";"Espírito Santo";"Branca";"20 a 24 anos";"93702";"45979";"47723";"92877";"45476";"47401";"825";"503";"322"
"32";"Espírito Santo";"Branca";"25 a 34 anos";"202303";"97658";"104645";"200500";"96574";"103926";"1803";"1084";"719"
"32";"Espírito Santo";"Branca";"35 a 44 anos";"234859";"111920";"122939";"231507";"109944";"121563";"3352";"1976";"1376"
"32";"Espírito Santo";"Branca";"45 a 54 anos";"194537";"91533";"103004";"188487";"88205";"100282";"6050";"3328";"2722"
"32";"Espírito Santo";"Branca";"55 a 64 anos";"183586";"85022";"98564";"173528";"79914";"93614";"10058";"5108";"4950"
"32";"Espírito Santo";"Branca";"65 anos ou mais";"215064";"92691";"122373";"185406";"81000";"104406";"29658";"11691";"17967"
"32";"Espírito Santo";"Preta";"Total";"369440";"190761";"178679";"339241";"175500";"163741";"30199";"15261";"14938"
"32";"Espírito Santo";"Preta";"15 a 19 anos";"29395";"15377";"14018";"29032";"15133";"13899";"363";"244";"119"
"32";"Espírito Santo";"Preta";"20 a 24 anos";"36667";"19123";"17544";"36208";"18802";"17406";"459";"321";"138"
"32";"Espírito Santo";"Preta";"25 a 34 anos";"75250";"39787";"35463";"74167";"39050";"35117";"1083";"737";"346"
"32";"Espírito Santo";"Preta";"35 a 44 anos";"78926";"41413";"37513";"76391";"39800";"36591";"2535";"1613";"922"
"32";"Espírito Santo";"Preta";"45 a 54 anos";"60053";"31515";"28538";"55457";"28882";"26575";"4596";"2633";"1963"
"32";"Espírito Santo";"Preta";"55 a 64 anos";"46748";"23725";"23023";"39376";"19946";"19430";"7372";"3779";"3593"
"32";"Espírito Santo";"Preta";"65 anos ou mais";"42401";"19821";"22580";"28610";"13887";"14723";"13791";"5934";"7857"
"32";"Espírito Santo";"Amarela";"Total";"3594";"1639";"1955";"3467";"1578";"1889";"127";"61";"66"
"32";"Espírito Santo";"Amarela";"15 a 19 anos";"264";"107";"157";"260";"105";"155";"4";"2";"2"
"32";"Espírito Santo";"Amarela";"20 a 24 anos";"300";"127";"173";"296";"124";"172";"4";"3";"1"
"32";"Espírito Santo";"Amarela";"25 a 34 anos";"697";"316";"381";"691";"311";"380";"6";"5";"1"
"32";"Espírito Santo";"Amarela";"35 a 44 anos";"854";"372";"482";"838";"363";"475";"16";"9";"7"
"32";"Espírito Santo";"Amarela";"45 a 54 anos";"528";"238";"290";"508";"224";"284";"20";"14";"6"
"32";"Espírito Santo";"Amarela";"55 a 64 anos";"373";"178";"195";"350";"166";"184";"23";"12";"11"
"32";"Espírito Santo";"Amarela";"65 anos ou mais";"578";"301";"277";"524";"285";"239";"54";"16";"38"
"32";"Espírito Santo";"Parda";"Total";"1500251";"727532";"772719";"1410129";"685078";"725051";"90122";"42454";"47668"
"32";"Espírito Santo";"Parda";"15 a 19 anos";"139845";"71758";"68087";"138217";"70687";"67530";"1628";"1071";"557"
"32";"Espírito Santo";"Parda";"20 a 24 anos";"144445";"73055";"71390";"142773";"71983";"70790";"1672";"1072";"600"
"32";"Espírito Santo";"Parda";"25 a 34 anos";"291033";"141995";"149038";"287165";"139501";"147664";"3868";"2494";"1374"
"32";"Espírito Santo";"Parda";"35 a 44 anos";"312839";"152307";"160532";"304709";"147574";"157135";"8130";"4733";"3397"
"32";"Espírito Santo";"Parda";"45 a 54 anos";"246686";"119718";"126968";"233034";"112575";"120459";"13652";"7143";"6509"
"32";"Espírito Santo";"Parda";"55 a 64 anos";"193724";"91238";"102486";"172793";"81386";"91407";"20931";"9852";"11079"
"32";"Espírito Santo";"Parda";"65 anos ou mais";"171679";"77461";"94218";"131438";"61372";"70066";"40241";"16089";"24152"
"32";"Espírito Santo";"Indígena";"Total";"9163";"4410";"4753";"8313";"4067";"4246";"850";"343";"507"
"32";"Espírito Santo";"Indígena";"15 a 19 anos";"868";"455";"413";"857";"448";"409";"11";"7";"4"
"32";"Espírito Santo";"Indígena";"20 a 24 anos";"915";"454";"461";"904";"445";"459";"11";"9";"2"
"32";"Espírito Santo";"Indígena";"25 a 34 anos";"1687";"841";"846";"1659";"827";"832";"28";"14";"14"
"32";"Espírito Santo";"Indígena";"35 a 44 anos";"1742";"851";"891";"1683";"820";"863";"59";"31";"28"
"32";"Espírito Santo";"Indígena";"45 a 54 anos";"1501";"752";"749";"1400";"711";"689";"101";"41";"60"
"32";"Espírito Santo";"Indígena";"55 a 64 anos";"1203";"538";"665";"971";"443";"528";"232";"95";"137"
"32";"Espírito Santo";"Indígena";"65 anos ou mais";"1247";"519";"728";"839";"373";"466";"408";"146";"262"
"33";"Rio de Janeiro";"Total";"Total";"13199028";"6122668";"7076360";"12766164";"5920157";"6846007";"432864";"202511";"230353"
"33";"Rio de Janeiro";"Total";"15 a 19 anos";"1011978";"513939";"498039";"1001553";"507179";"494374";"10425";"6760";"3665"
"33";"Rio de Janeiro";"Total";"20 a 24 anos";"1149011";"570077";"578934";"1137670";"562819";"574851";"11341";"7258";"4083"
"33";"Rio de Janeiro";"Total";"25 a 34 anos";"2323258";"1115261";"1207997";"2298962";"1100201";"1198761";"24296";"15060";"9236"
"33";"Rio de Janeiro";"Total";"35 a 44 anos";"2507605";"1185549";"1322056";"2466822";"1161662";"1305160";"40783";"23887";"16896"
"33";"Rio de Janeiro";"Total";"45 a 54 anos";"2171172";"1013851";"1157321";"2101944";"975957";"1125987";"69228";"37894";"31334"
"33";"Rio de Janeiro";"Total";"55 a 64 anos";"1932813";"874193";"1058620";"1841796";"830599";"1011197";"91017";"43594";"47423"
"33";"Rio de Janeiro";"Total";"65 anos ou mais";"2103191";"849798";"1253393";"1917417";"781740";"1135677";"185774";"68058";"117716"
"33";"Rio de Janeiro";"Branca";"Total";"5591419";"2502766";"3088653";"5456151";"2440860";"3015291";"135268";"61906";"73362"
"33";"Rio de Janeiro";"Branca";"15 a 19 anos";"379998";"188214";"191784";"376662";"186108";"190554";"3336";"2106";"1230"
"33";"Rio de Janeiro";"Branca";"20 a 24 anos";"436394";"211529";"224865";"432868";"209358";"223510";"3526";"2171";"1355"
"33";"Rio de Janeiro";"Branca";"25 a 34 anos";"900832";"423092";"477740";"893756";"418934";"474822";"7076";"4158";"2918"
"33";"Rio de Janeiro";"Branca";"35 a 44 anos";"1007234";"460039";"547195";"995584";"453294";"542290";"11650";"6745";"4905"
"33";"Rio de Janeiro";"Branca";"45 a 54 anos";"898196";"403053";"495143";"878593";"392337";"486256";"19603";"10716";"8887"
"33";"Rio de Janeiro";"Branca";"55 a 64 anos";"868102";"382773";"485329";"841293";"369853";"471440";"26809";"12920";"13889"
"33";"Rio de Janeiro";"Branca";"65 anos ou mais";"1100663";"434066";"666597";"1037395";"410976";"626419";"63268";"23090";"40178"
"33";"Rio de Janeiro";"Preta";"Total";"2207841";"1044453";"1163388";"2109450";"999014";"1110436";"98391";"45439";"52952"
"33";"Rio de Janeiro";"Preta";"15 a 19 anos";"170076";"87245";"82831";"168085";"85908";"82177";"1991";"1337";"654"
"33";"Rio de Janeiro";"Preta";"20 a 24 anos";"211266";"106839";"104427";"208749";"105132";"103617";"2517";"1707";"810"
"33";"Rio de Janeiro";"Preta";"25 a 34 anos";"429190";"212445";"216745";"423739";"208887";"214852";"5451";"3558";"1893"
"33";"Rio de Janeiro";"Preta";"35 a 44 anos";"440267";"214406";"225861";"430836";"208802";"222034";"9431";"5604";"3827"
"33";"Rio de Janeiro";"Preta";"45 a 54 anos";"366562";"175034";"191528";"350345";"166229";"184116";"16217";"8805";"7412"
"33";"Rio de Janeiro";"Preta";"55 a 64 anos";"300873";"135332";"165541";"279758";"125474";"154284";"21115";"9858";"11257"
"33";"Rio de Janeiro";"Preta";"65 anos ou mais";"289607";"113152";"176455";"247938";"98582";"149356";"41669";"14570";"27099"
"33";"Rio de Janeiro";"Amarela";"Total";"18908";"8458";"10450";"18290";"8180";"10110";"618";"278";"340"
"33";"Rio de Janeiro";"Amarela";"15 a 19 anos";"1098";"510";"588";"1094";"507";"587";"4";"3";"1"
"33";"Rio de Janeiro";"Amarela";"20 a 24 anos";"1388";"592";"796";"1377";"586";"791";"11";"6";"5"
"33";"Rio de Janeiro";"Amarela";"25 a 34 anos";"3244";"1389";"1855";"3182";"1349";"1833";"62";"40";"22"
"33";"Rio de Janeiro";"Amarela";"35 a 44 anos";"4051";"1827";"2224";"3968";"1781";"2187";"83";"46";"37"
"33";"Rio de Janeiro";"Amarela";"45 a 54 anos";"3059";"1353";"1706";"2949";"1311";"1638";"110";"42";"68"
"33";"Rio de Janeiro";"Amarela";"55 a 64 anos";"2364";"1104";"1260";"2235";"1048";"1187";"129";"56";"73"
"33";"Rio de Janeiro";"Amarela";"65 anos ou mais";"3704";"1683";"2021";"3485";"1598";"1887";"219";"85";"134"
"33";"Rio de Janeiro";"Parda";"Total";"5366295";"2560587";"2805708";"5168426";"2465985";"2702441";"197869";"94602";"103267"
"33";"Rio de Janeiro";"Parda";"15 a 19 anos";"460011";"237563";"222448";"454926";"234257";"220669";"5085";"3306";"1779"
"33";"Rio de Janeiro";"Parda";"20 a 24 anos";"498997";"250627";"248370";"493724";"247258";"246466";"5273";"3369";"1904"
"33";"Rio de Janeiro";"Parda";"25 a 34 anos";"987532";"477153";"510379";"975863";"469869";"505994";"11669";"7284";"4385"
"33";"Rio de Janeiro";"Parda";"35 a 44 anos";"1053187";"507931";"545256";"1033626";"496470";"537156";"19561";"11461";"8100"
"33";"Rio de Janeiro";"Parda";"45 a 54 anos";"900909";"433334";"467575";"867709";"415054";"452655";"33200";"18280";"14920"
"33";"Rio de Janeiro";"Parda";"55 a 64 anos";"759233";"354042";"405191";"716422";"333344";"383078";"42811";"20698";"22113"
"33";"Rio de Janeiro";"Parda";"65 anos ou mais";"706426";"299937";"406489";"626156";"269733";"356423";"80270";"30204";"50066"
"33";"Rio de Janeiro";"Indígena";"Total";"14093";"6191";"7902";"13397";"5918";"7479";"696";"273";"423"
"33";"Rio de Janeiro";"Indígena";"15 a 19 anos";"774";"397";"377";"765";"389";"376";"9";"8";"1"
"33";"Rio de Janeiro";"Indígena";"20 a 24 anos";"935";"472";"463";"921";"467";"454";"14";"5";"9"
"33";"Rio de Janeiro";"Indígena";"25 a 34 anos";"2373";"1140";"1233";"2336";"1120";"1216";"37";"20";"17"
"33";"Rio de Janeiro";"Indígena";"35 a 44 anos";"2761";"1293";"1468";"2706";"1264";"1442";"55";"29";"26"
"33";"Rio de Janeiro";"Indígena";"45 a 54 anos";"2372";"1047";"1325";"2279";"999";"1280";"93";"48";"45"
"33";"Rio de Janeiro";"Indígena";"55 a 64 anos";"2176";"910";"1266";"2028";"851";"1177";"148";"59";"89"
"33";"Rio de Janeiro";"Indígena";"65 anos ou mais";"2702";"932";"1770";"2362";"828";"1534";"340";"104";"236"
"35";"São Paulo";"Total";"Total";"36436075";"17327895";"19108180";"35302654";"16825916";"18476738";"1133421";"501979";"631442"
"35";"São Paulo";"Total";"15 a 19 anos";"2857669";"1460853";"1396816";"2830766";"1443458";"1387308";"26903";"17395";"9508"
"35";"São Paulo";"Total";"20 a 24 anos";"3210836";"1626745";"1584091";"3182301";"1608793";"1573508";"28535";"17952";"10583"
"35";"São Paulo";"Total";"25 a 34 anos";"6709409";"3323409";"3386000";"6646387";"3283408";"3362979";"63022";"40001";"23021"
"35";"São Paulo";"Total";"35 a 44 anos";"7304031";"3528010";"3776021";"7200248";"3465812";"3734436";"103783";"62198";"41585"
"35";"São Paulo";"Total";"45 a 54 anos";"6036285";"2862191";"3174094";"5864392";"2772259";"3092133";"171893";"89932";"81961"
"35";"São Paulo";"Total";"55 a 64 anos";"5032659";"2303931";"2728728";"4806005";"2202726";"2603279";"226654";"101205";"125449"
"35";"São Paulo";"Total";"65 anos ou mais";"5285186";"2222756";"3062430";"4772555";"2049460";"2723095";"512631";"173296";"339335"
"35";"São Paulo";"Branca";"Total";"21049562";"9716862";"11332700";"20571084";"9517889";"11053195";"478478";"198973";"279505"
"35";"São Paulo";"Branca";"15 a 19 anos";"1536544";"769584";"766960";"1523508";"761407";"762101";"13036";"8177";"4859"
"35";"São Paulo";"Branca";"20 a 24 anos";"1695063";"834659";"860404";"1681849";"826719";"855130";"13214";"7940";"5274"
"35";"São Paulo";"Branca";"25 a 34 anos";"3641428";"1752869";"1888559";"3614280";"1736462";"1877818";"27148";"16407";"10741"
"35";"São Paulo";"Branca";"35 a 44 anos";"4087845";"1915271";"2172574";"4048179";"1892313";"2155866";"39666";"22958";"16708"
"35";"São Paulo";"Branca";"45 a 54 anos";"3453235";"1591123";"1862112";"3390904";"1559366";"1831538";"62331";"31757";"30574"
"35";"São Paulo";"Branca";"55 a 64 anos";"3087633";"1392685";"1694948";"3002720";"1355313";"1647407";"84913";"37372";"47541"
"35";"São Paulo";"Branca";"65 anos ou mais";"3547814";"1460671";"2087143";"3309644";"1386309";"1923335";"238170";"74362";"163808"
"35";"São Paulo";"Preta";"Total";"3085524";"1562786";"1522738";"2942873";"1494369";"1448504";"142651";"68417";"74234"
"35";"São Paulo";"Preta";"15 a 19 anos";"229600";"122485";"107115";"227177";"120818";"106359";"2423";"1667";"756"
"35";"São Paulo";"Preta";"20 a 24 anos";"295859";"159243";"136616";"293018";"157287";"135731";"2841";"1956";"885"
"35";"São Paulo";"Preta";"25 a 34 anos";"630386";"337509";"292877";"623164";"332600";"290564";"7222";"4909";"2313"
"35";"São Paulo";"Preta";"35 a 44 anos";"667997";"347650";"320347";"654223";"338623";"315600";"13774";"9027";"4747"
"35";"São Paulo";"Preta";"45 a 54 anos";"525918";"266113";"259805";"502385";"252873";"249512";"23533";"13240";"10293"
"35";"São Paulo";"Preta";"55 a 64 anos";"387870";"183067";"204803";"356979";"168491";"188488";"30891";"14576";"16315"
"35";"São Paulo";"Preta";"65 anos ou mais";"347894";"146719";"201175";"285927";"123677";"162250";"61967";"23042";"38925"
"35";"São Paulo";"Amarela";"Total";"462221";"218390";"243831";"456205";"215775";"240430";"6016";"2615";"3401"
"35";"São Paulo";"Amarela";"15 a 19 anos";"21838";"10980";"10858";"21680";"10883";"10797";"158";"97";"61"
"35";"São Paulo";"Amarela";"20 a 24 anos";"25038";"12321";"12717";"24848";"12214";"12634";"190";"107";"83"
"35";"São Paulo";"Amarela";"25 a 34 anos";"57987";"28872";"29115";"57449";"28576";"28873";"538";"296";"242"
"35";"São Paulo";"Amarela";"35 a 44 anos";"78192";"38297";"39895";"77432";"37894";"39538";"760";"403";"357"
"35";"São Paulo";"Amarela";"45 a 54 anos";"71421";"34708";"36713";"70624";"34316";"36308";"797";"392";"405"
"35";"São Paulo";"Amarela";"55 a 64 anos";"70777";"33130";"37647";"69997";"32762";"37235";"780";"368";"412"
"35";"São Paulo";"Amarela";"65 anos ou mais";"136968";"60082";"76886";"134175";"59130";"75045";"2793";"952";"1841"
"35";"São Paulo";"Parda";"Total";"11794085";"5808856";"5985229";"11290191";"5577761";"5712430";"503894";"231095";"272799"
"35";"São Paulo";"Parda";"15 a 19 anos";"1066385";"556143";"510242";"1055147";"548712";"506435";"11238";"7431";"3807"
"35";"São Paulo";"Parda";"20 a 24 anos";"1190580";"618407";"572173";"1178352";"610486";"567866";"12228";"7921";"4307"
"35";"São Paulo";"Parda";"25 a 34 anos";"2370333";"1199523";"1170810";"2342345";"1181191";"1161154";"27988";"18332";"9656"
"35";"São Paulo";"Parda";"35 a 44 anos";"2461091";"1222439";"1238652";"2411761";"1192737";"1219024";"49330";"29702";"19628"
"35";"São Paulo";"Parda";"45 a 54 anos";"1978449";"966776";"1011673";"1893597";"922411";"971186";"84852";"44365";"40487"
"35";"São Paulo";"Parda";"55 a 64 anos";"1480579";"692526";"788053";"1371016";"643845";"727171";"109563";"48681";"60882"
"35";"São Paulo";"Parda";"65 anos ou mais";"1246668";"553042";"693626";"1037973";"478379";"559594";"208695";"74663";"134032"
"35";"São Paulo";"Indígena";"Total";"42500";"19871";"22629";"40172";"19019";"21153";"2328";"852";"1476"
"35";"São Paulo";"Indígena";"15 a 19 anos";"3150";"1596";"1554";"3102";"1573";"1529";"48";"23";"25"
"35";"São Paulo";"Indígena";"20 a 24 anos";"4069";"1972";"2097";"4011";"1948";"2063";"58";"24";"34"
"35";"São Paulo";"Indígena";"25 a 34 anos";"8801";"4366";"4435";"8681";"4314";"4367";"120";"52";"68"
"35";"São Paulo";"Indígena";"35 a 44 anos";"8431";"4082";"4349";"8186";"3978";"4208";"245";"104";"141"
"35";"São Paulo";"Indígena";"45 a 54 anos";"6913";"3308";"3605";"6537";"3131";"3406";"376";"177";"199"
"35";"São Paulo";"Indígena";"55 a 64 anos";"5536";"2399";"3137";"5042";"2197";"2845";"494";"202";"292"
"35";"São Paulo";"Indígena";"65 anos ou mais";"5600";"2148";"3452";"4613";"1878";"2735";"987";"270";"717"
"41";"Paraná";"Total";"Total";"9249083";"4456751";"4792332";"8850749";"4283683";"4567066";"398334";"173068";"225266"
"41";"Paraná";"Total";"15 a 19 anos";"761026";"386743";"374283";"754701";"382845";"371856";"6325";"3898";"2427"
"41";"Paraná";"Total";"20 a 24 anos";"846638";"426841";"419797";"839714";"422489";"417225";"6924";"4352";"2572"
"41";"Paraná";"Total";"25 a 34 anos";"1763352";"873801";"889551";"1747564";"864051";"883513";"15788";"9750";"6038"
"41";"Paraná";"Total";"35 a 44 anos";"1747303";"853072";"894231";"1719661";"837507";"882154";"27642";"15565";"12077"
"41";"Paraná";"Total";"45 a 54 anos";"1536252";"738393";"797859";"1482879";"712374";"770505";"53373";"26019";"27354"
"41";"Paraná";"Total";"55 a 64 anos";"1295642";"604651";"690991";"1208366";"566604";"641762";"87276";"38047";"49229"
"41";"Paraná";"Total";"65 anos ou mais";"1298870";"573250";"725620";"1097864";"497813";"600051";"201006";"75437";"125569"
"41";"Paraná";"Branca";"Total";"5957678";"2803031";"3154647";"5769358";"2722751";"3046607";"188320";"80280";"108040"
"41";"Paraná";"Branca";"15 a 19 anos";"468627";"234787";"233840";"465105";"232685";"232420";"3522";"2102";"1420"
"41";"Paraná";"Branca";"20 a 24 anos";"516529";"254779";"261750";"512745";"252502";"260243";"3784";"2277";"1507"
"41";"Paraná";"Branca";"25 a 34 anos";"1091973";"529532";"562441";"1084116";"524802";"559314";"7857";"4730";"3127"
"41";"Paraná";"Branca";"35 a 44 anos";"1112711";"528921";"583790";"1100755";"522215";"578540";"11956";"6706";"5250"
"41";"Paraná";"Branca";"45 a 54 anos";"986466";"462762";"523704";"964334";"451773";"512561";"22132";"10989";"11143"
"41";"Paraná";"Branca";"55 a 64 anos";"867768";"398010";"469758";"830167";"381323";"448844";"37601";"16687";"20914"
"41";"Paraná";"Branca";"65 anos ou mais";"913604";"394240";"519364";"812136";"357451";"454685";"101468";"36789";"64679"
"41";"Paraná";"Preta";"Total";"430532";"229305";"201227";"396109";"213285";"182824";"34423";"16020";"18403"
"41";"Paraná";"Preta";"15 a 19 anos";"27664";"15085";"12579";"27377";"14891";"12486";"287";"194";"93"
"41";"Paraná";"Preta";"20 a 24 anos";"37887";"21018";"16869";"37490";"20739";"16751";"397";"279";"118"
"41";"Paraná";"Preta";"25 a 34 anos";"86560";"48236";"38324";"85371";"47446";"37925";"1189";"790";"399"
"41";"Paraná";"Preta";"35 a 44 anos";"88594";"48685";"39909";"86149";"47158";"38991";"2445";"1527";"918"
"41";"Paraná";"Preta";"45 a 54 anos";"76995";"41280";"35715";"72306";"38834";"33472";"4689";"2446";"2243"
"41";"Paraná";"Preta";"55 a 64 anos";"59037";"29730";"29307";"50811";"25939";"24872";"8226";"3791";"4435"
"41";"Paraná";"Preta";"65 anos ou mais";"53795";"25271";"28524";"36605";"18278";"18327";"17190";"6993";"10197"
"41";"Paraná";"Amarela";"Total";"89123";"42738";"46385";"87904";"42235";"45669";"1219";"503";"716"
"41";"Paraná";"Amarela";"15 a 19 anos";"5182";"2562";"2620";"5152";"2543";"2609";"30";"19";"11"
"41";"Paraná";"Amarela";"20 a 24 anos";"6319";"3132";"3187";"6270";"3103";"3167";"49";"29";"20"
"41";"Paraná";"Amarela";"25 a 34 anos";"11948";"5905";"6043";"11872";"5859";"6013";"76";"46";"30"
"41";"Paraná";"Amarela";"35 a 44 anos";"14703";"7409";"7294";"14603";"7353";"7250";"100";"56";"44"
"41";"Paraná";"Amarela";"45 a 54 anos";"13682";"6607";"7075";"13542";"6536";"7006";"140";"71";"69"
"41";"Paraná";"Amarela";"55 a 64 anos";"13546";"6452";"7094";"13369";"6385";"6984";"177";"67";"110"
"41";"Paraná";"Amarela";"65 anos ou mais";"23743";"10671";"13072";"23096";"10456";"12640";"647";"215";"432"
"41";"Paraná";"Parda";"Total";"2751004";"1371470";"1379534";"2579031";"1296178";"1282853";"171973";"75292";"96681"
"41";"Paraná";"Parda";"15 a 19 anos";"256801";"132928";"123873";"254363";"131373";"122990";"2438";"1555";"883"
"41";"Paraná";"Parda";"20 a 24 anos";"283171";"146559";"136612";"280547";"144825";"135722";"2624";"1734";"890"
"41";"Paraná";"Parda";"25 a 34 anos";"568228";"287769";"280459";"561762";"283684";"278078";"6466";"4085";"2381"
"41";"Paraná";"Parda";"35 a 44 anos";"527706";"266269";"261437";"514882";"259129";"255753";"12824";"7140";"5684"
"41";"Paraná";"Parda";"45 a 54 anos";"456407";"226429";"229978";"430433";"214084";"216349";"25974";"12345";"13629"
"41";"Paraná";"Parda";"55 a 64 anos";"353099";"169377";"183722";"312309";"152068";"160241";"40790";"17309";"23481"
"41";"Paraná";"Parda";"65 anos ou mais";"305592";"142139";"163453";"224735";"111015";"113720";"80857";"31124";"49733"
"41";"Paraná";"Indígena";"Total";"20416";"10042";"10374";"18024";"9071";"8953";"2392";"971";"1421"
"41";"Paraná";"Indígena";"15 a 19 anos";"2736";"1374";"1362";"2688";"1346";"1342";"48";"28";"20"
"41";"Paraná";"Indígena";"20 a 24 anos";"2696";"1336";"1360";"2627";"1303";"1324";"69";"33";"36"
"41";"Paraná";"Indígena";"25 a 34 anos";"4554";"2308";"2246";"4355";"2210";"2145";"199";"98";"101"
"41";"Paraná";"Indígena";"35 a 44 anos";"3530";"1756";"1774";"3214";"1621";"1593";"316";"135";"181"
"41";"Paraná";"Indígena";"45 a 54 anos";"2652";"1295";"1357";"2214";"1127";"1087";"438";"168";"270"
"41";"Paraná";"Indígena";"55 a 64 anos";"2151";"1063";"1088";"1670";"870";"800";"481";"193";"288"
"41";"Paraná";"Indígena";"65 anos ou mais";"2097";"910";"1187";"1256";"594";"662";"841";"316";"525"
"42";"Santa Catarina";"Total";"Total";"6187151";"3022823";"3164328";"6021965";"2943714";"3078251";"165186";"79109";"86077"
"42";"Santa Catarina";"Total";"15 a 19 anos";"480629";"245134";"235495";"476842";"242724";"234118";"3787";"2410";"1377"
"42";"Santa Catarina";"Total";"20 a 24 anos";"574485";"292053";"282432";"570298";"289430";"280868";"4187";"2623";"1564"
"42";"Santa Catarina";"Total";"25 a 34 anos";"1260088";"631810";"628278";"1250668";"626049";"624619";"9420";"5761";"3659"
"42";"Santa Catarina";"Total";"35 a 44 anos";"1242561";"618166";"624395";"1228035";"609795";"618240";"14526";"8371";"6155"
"42";"Santa Catarina";"Total";"45 a 54 anos";"987339";"482416";"504923";"961379";"468674";"492705";"25960";"13742";"12218"
"42";"Santa Catarina";"Total";"55 a 64 anos";"847610";"403362";"444248";"811335";"385759";"425576";"36275";"17603";"18672"
"42";"Santa Catarina";"Total";"65 anos ou mais";"794439";"349882";"444557";"723408";"321283";"402125";"71031";"28599";"42432"
"42";"Santa Catarina";"Branca";"Total";"4747831";"2275090";"2472741";"4644202";"2225768";"2418434";"103629";"49322";"54307"
"42";"Santa Catarina";"Branca";"15 a 19 anos";"344847";"173896";"170951";"342258";"172294";"169964";"2589";"1602";"987"
"42";"Santa Catarina";"Branca";"20 a 24 anos";"402202";"199720";"202482";"399552";"198103";"201449";"2650";"1617";"1033"
"42";"Santa Catarina";"Branca";"25 a 34 anos";"909612";"445708";"463904";"903807";"442264";"461543";"5805";"3444";"2361"
"42";"Santa Catarina";"Branca";"35 a 44 anos";"936828";"456802";"480026";"928907";"452244";"476663";"7921";"4558";"3363"
"42";"Santa Catarina";"Branca";"45 a 54 anos";"771426";"371303";"400123";"756894";"363451";"393443";"14532";"7852";"6680"
"42";"Santa Catarina";"Branca";"55 a 64 anos";"699284";"329684";"369600";"677586";"318854";"358732";"21698";"10830";"10868"
"42";"Santa Catarina";"Branca";"65 anos ou mais";"683632";"297977";"385655";"635198";"278558";"356640";"48434";"19419";"29015"
"42";"Santa Catarina";"Preta";"Total";"263180";"141224";"121956";"251562";"135266";"116296";"11618";"5958";"5660"
"42";"Santa Catarina";"Preta";"15 a 19 anos";"19377";"10499";"8878";"19202";"10373";"8829";"175";"126";"49"
"42";"Santa Catarina";"Preta";"20 a 24 anos";"29456";"16575";"12881";"29138";"16357";"12781";"318";"218";"100"
"42";"Santa Catarina";"Preta";"25 a 34 anos";"68283";"37991";"30292";"67422";"37431";"29991";"861";"560";"301"
"42";"Santa Catarina";"Preta";"35 a 44 anos";"60092";"33126";"26966";"58618";"32231";"26387";"1474";"895";"579"
"42";"Santa Catarina";"Preta";"45 a 54 anos";"38953";"20668";"18285";"36814";"19496";"17318";"2139";"1172";"967"
"42";"Santa Catarina";"Preta";"55 a 64 anos";"26576";"13191";"13385";"24006";"11926";"12080";"2570";"1265";"1305"
"42";"Santa Catarina";"Preta";"65 anos ou mais";"20443";"9174";"11269";"16362";"7452";"8910";"4081";"1722";"2359"
"42";"Santa Catarina";"Amarela";"Total";"10720";"5466";"5254";"10530";"5377";"5153";"190";"89";"101"
"42";"Santa Catarina";"Amarela";"15 a 19 anos";"634";"332";"302";"632";"331";"301";"2";"1";"1"
"42";"Santa Catarina";"Amarela";"20 a 24 anos";"919";"454";"465";"916";"451";"465";"3";"3";"-"
"42";"Santa Catarina";"Amarela";"25 a 34 anos";"2238";"1132";"1106";"2213";"1124";"1089";"25";"8";"17"
"42";"Santa Catarina";"Amarela";"35 a 44 anos";"2518";"1322";"1196";"2494";"1313";"1181";"24";"9";"15"
"42";"Santa Catarina";"Amarela";"45 a 54 anos";"1695";"845";"850";"1671";"828";"843";"24";"17";"7"
"42";"Santa Catarina";"Amarela";"55 a 64 anos";"1148";"590";"558";"1100";"567";"533";"48";"23";"25"
"42";"Santa Catarina";"Amarela";"65 anos ou mais";"1568";"791";"777";"1504";"763";"741";"64";"28";"36"
"42";"Santa Catarina";"Parda";"Total";"1151029";"593843";"557186";"1102448";"570577";"531871";"48581";"23266";"25315"
"42";"Santa Catarina";"Parda";"15 a 19 anos";"114089";"59515";"54574";"113081";"58843";"54238";"1008";"672";"336"
"42";"Santa Catarina";"Parda";"20 a 24 anos";"139727";"74201";"65526";"138555";"73442";"65113";"1172";"759";"413"
"42";"Santa Catarina";"Parda";"25 a 34 anos";"276566";"145268";"131298";"273912";"143559";"130353";"2654";"1709";"945"
"42";"Santa Catarina";"Parda";"35 a 44 anos";"240396";"125564";"114832";"235424";"122709";"112715";"4972";"2855";"2117"
"42";"Santa Catarina";"Parda";"45 a 54 anos";"173331";"88616";"84715";"164311";"84018";"80293";"9020";"4598";"4422"
"42";"Santa Catarina";"Parda";"55 a 64 anos";"119271";"59261";"60010";"107562";"53874";"53688";"11709";"5387";"6322"
"42";"Santa Catarina";"Parda";"65 anos ou mais";"87649";"41418";"46231";"69603";"34132";"35471";"18046";"7286";"10760"
"42";"Santa Catarina";"Indígena";"Total";"14229";"7112";"7117";"13063";"6639";"6424";"1166";"473";"693"
"42";"Santa Catarina";"Indígena";"15 a 19 anos";"1673";"887";"786";"1660";"878";"782";"13";"9";"4"
"42";"Santa Catarina";"Indígena";"20 a 24 anos";"2159";"1094";"1065";"2115";"1068";"1047";"44";"26";"18"
"42";"Santa Catarina";"Indígena";"25 a 34 anos";"3345";"1684";"1661";"3270";"1644";"1626";"75";"40";"35"
"42";"Santa Catarina";"Indígena";"35 a 44 anos";"2702";"1337";"1365";"2567";"1283";"1284";"135";"54";"81"
"42";"Santa Catarina";"Indígena";"45 a 54 anos";"1899";"970";"929";"1655";"867";"788";"244";"103";"141"
"42";"Santa Catarina";"Indígena";"55 a 64 anos";"1316";"625";"691";"1067";"528";"539";"249";"97";"152"
"42";"Santa Catarina";"Indígena";"65 anos ou mais";"1135";"515";"620";"729";"371";"358";"406";"144";"262"
"43";"Rio Grande do Sul";"Total";"Total";"8976455";"4281884";"4694571";"8697640";"4146751";"4550889";"278815";"135133";"143682"
"43";"Rio Grande do Sul";"Total";"15 a 19 anos";"669068";"340532";"328536";"661742";"335895";"325847";"7326";"4637";"2689"
"43";"Rio Grande do Sul";"Total";"20 a 24 anos";"755646";"379935";"375711";"748109";"375253";"372856";"7537";"4682";"2855"
"43";"Rio Grande do Sul";"Total";"25 a 34 anos";"1574440";"775816";"798624";"1559439";"766661";"792778";"15001";"9155";"5846"
"43";"Rio Grande do Sul";"Total";"35 a 44 anos";"1647017";"802541";"844476";"1625019";"789731";"835288";"21998";"12810";"9188"
"43";"Rio Grande do Sul";"Total";"45 a 54 anos";"1414104";"679962";"734142";"1376690";"659528";"717162";"37414";"20434";"16980"
"43";"Rio Grande do Sul";"Total";"55 a 64 anos";"1384280";"649612";"734668";"1331223";"622121";"709102";"53057";"27491";"25566"
"43";"Rio Grande do Sul";"Total";"65 anos ou mais";"1531900";"653486";"878414";"1395418";"597562";"797856";"136482";"55924";"80558"
"43";"Rio Grande do Sul";"Branca";"Total";"7074839";"3335911";"3738928";"6894589";"3248974";"3645615";"180250";"86937";"93313"
"43";"Rio Grande do Sul";"Branca";"15 a 19 anos";"494484";"249625";"244859";"489554";"246564";"242990";"4930";"3061";"1869"
"43";"Rio Grande do Sul";"Branca";"20 a 24 anos";"557810";"277315";"280495";"552801";"274233";"278568";"5009";"3082";"1927"
"43";"Rio Grande do Sul";"Branca";"25 a 34 anos";"1191905";"581301";"610604";"1182145";"575446";"606699";"9760";"5855";"3905"
"43";"Rio Grande do Sul";"Branca";"35 a 44 anos";"1282662";"618622";"664040";"1269533";"610926";"658607";"13129";"7696";"5433"
"43";"Rio Grande do Sul";"Branca";"45 a 54 anos";"1113465";"529883";"583582";"1091591";"517728";"573863";"21874";"12155";"9719"
"43";"Rio Grande do Sul";"Branca";"55 a 64 anos";"1133314";"527729";"605585";"1101041";"510675";"590366";"32273";"17054";"15219"
"43";"Rio Grande do Sul";"Branca";"65 anos ou mais";"1301199";"551436";"749763";"1207924";"513402";"694522";"93275";"38034";"55241"
"43";"Rio Grande do Sul";"Preta";"Total";"600652";"290785";"309867";"570712";"276133";"294579";"29940";"14652";"15288"
"43";"Rio Grande do Sul";"Preta";"15 a 19 anos";"47780";"24728";"23052";"47091";"24305";"22786";"689";"423";"266"
"43";"Rio Grande do Sul";"Preta";"20 a 24 anos";"58626";"30244";"28382";"57845";"29748";"28097";"781";"496";"285"
"43";"Rio Grande do Sul";"Preta";"25 a 34 anos";"122184";"61658";"60526";"120454";"60535";"59919";"1730";"1123";"607"
"43";"Rio Grande do Sul";"Preta";"35 a 44 anos";"120501";"59274";"61227";"117791";"57677";"60114";"2710";"1597";"1113"
"43";"Rio Grande do Sul";"Preta";"45 a 54 anos";"96516";"46751";"49765";"91897";"44272";"47625";"4619";"2479";"2140"
"43";"Rio Grande do Sul";"Preta";"55 a 64 anos";"80625";"37451";"43174";"74286";"34258";"40028";"6339";"3193";"3146"
"43";"Rio Grande do Sul";"Preta";"65 anos ou mais";"74420";"30679";"43741";"61348";"25338";"36010";"13072";"5341";"7731"
"43";"Rio Grande do Sul";"Amarela";"Total";"7221";"3440";"3781";"6990";"3324";"3666";"231";"116";"115"
"43";"Rio Grande do Sul";"Amarela";"15 a 19 anos";"423";"195";"228";"417";"189";"228";"6";"6";"-"
"43";"Rio Grande do Sul";"Amarela";"20 a 24 anos";"526";"262";"264";"520";"258";"262";"6";"4";"2"
"43";"Rio Grande do Sul";"Amarela";"25 a 34 anos";"1344";"649";"695";"1327";"638";"689";"17";"11";"6"
"43";"Rio Grande do Sul";"Amarela";"35 a 44 anos";"1347";"662";"685";"1331";"652";"679";"16";"10";"6"
"43";"Rio Grande do Sul";"Amarela";"45 a 54 anos";"1127";"506";"621";"1100";"493";"607";"27";"13";"14"
"43";"Rio Grande do Sul";"Amarela";"55 a 64 anos";"958";"458";"500";"914";"433";"481";"44";"25";"19"
"43";"Rio Grande do Sul";"Amarela";"65 anos ou mais";"1496";"708";"788";"1381";"661";"720";"115";"47";"68"
"43";"Rio Grande do Sul";"Parda";"Total";"1268797";"639448";"629349";"1203157";"607053";"596104";"65640";"32395";"33245"
"43";"Rio Grande do Sul";"Parda";"15 a 19 anos";"123148";"64355";"58793";"121528";"63257";"58271";"1620";"1098";"522"
"43";"Rio Grande do Sul";"Parda";"20 a 24 anos";"134827";"70172";"64655";"133192";"69124";"64068";"1635";"1048";"587"
"43";"Rio Grande do Sul";"Parda";"25 a 34 anos";"253478";"129474";"124004";"250206";"127402";"122804";"3272";"2072";"1200"
"43";"Rio Grande do Sul";"Parda";"35 a 44 anos";"238263";"121885";"116378";"232561";"118530";"114031";"5702";"3355";"2347"
"43";"Rio Grande do Sul";"Parda";"45 a 54 anos";"199757";"101191";"98566";"189427";"95616";"93811";"10330";"5575";"4755"
"43";"Rio Grande do Sul";"Parda";"55 a 64 anos";"166873";"82719";"84154";"153001";"75686";"77315";"13872";"7033";"6839"
"43";"Rio Grande do Sul";"Parda";"65 anos ou mais";"152451";"69652";"82799";"123242";"57438";"65804";"29209";"12214";"16995"
"43";"Rio Grande do Sul";"Indígena";"Total";"24769";"12208";"12561";"22022";"11177";"10845";"2747";"1031";"1716"
"43";"Rio Grande do Sul";"Indígena";"15 a 19 anos";"3220";"1622";"1598";"3139";"1573";"1566";"81";"49";"32"
"43";"Rio Grande do Sul";"Indígena";"20 a 24 anos";"3841";"1932";"1909";"3735";"1880";"1855";"106";"52";"54"
"43";"Rio Grande do Sul";"Indígena";"25 a 34 anos";"5490";"2718";"2772";"5268";"2624";"2644";"222";"94";"128"
"43";"Rio Grande do Sul";"Indígena";"35 a 44 anos";"4214";"2082";"2132";"3773";"1930";"1843";"441";"152";"289"
"43";"Rio Grande do Sul";"Indígena";"45 a 54 anos";"3212";"1617";"1595";"2651";"1406";"1245";"561";"211";"350"
"43";"Rio Grande do Sul";"Indígena";"55 a 64 anos";"2481";"1237";"1244";"1955";"1052";"903";"526";"185";"341"
"43";"Rio Grande do Sul";"Indígena";"65 anos ou mais";"2311";"1000";"1311";"1501";"712";"789";"810";"288";"522"
"50";"Mato Grosso do Sul";"Total";"Total";"2150221";"1047525";"1102696";"2034357";"991949";"1042408";"115864";"55576";"60288"
"50";"Mato Grosso do Sul";"Total";"15 a 19 anos";"198275";"100956";"97319";"196225";"99700";"96525";"2050";"1256";"794"
"50";"Mato Grosso do Sul";"Total";"20 a 24 anos";"206935";"103778";"103157";"204667";"102380";"102287";"2268";"1398";"870"
"50";"Mato Grosso do Sul";"Total";"25 a 34 anos";"429085";"211844";"217241";"423533";"208510";"215023";"5552";"3334";"2218"
"50";"Mato Grosso do Sul";"Total";"35 a 44 anos";"427126";"209410";"217716";"416231";"203432";"212799";"10895";"5978";"4917"
"50";"Mato Grosso do Sul";"Total";"45 a 54 anos";"347193";"168501";"178692";"328525";"158869";"169656";"18668";"9632";"9036"
"50";"Mato Grosso do Sul";"Total";"55 a 64 anos";"277161";"131364";"145797";"250471";"118757";"131714";"26690";"12607";"14083"
"50";"Mato Grosso do Sul";"Total";"65 anos ou mais";"264446";"121672";"142774";"214705";"100301";"114404";"49741";"21371";"28370"
"50";"Mato Grosso do Sul";"Branca";"Total";"908750";"429727";"479023";"873657";"413240";"460417";"35093";"16487";"18606"
"50";"Mato Grosso do Sul";"Branca";"15 a 19 anos";"78102";"38921";"39181";"77396";"38503";"38893";"706";"418";"288"
"50";"Mato Grosso do Sul";"Branca";"20 a 24 anos";"79773";"39273";"40500";"79084";"38864";"40220";"689";"409";"280"
"50";"Mato Grosso do Sul";"Branca";"25 a 34 anos";"171205";"82896";"88309";"169608";"81931";"87677";"1597";"965";"632"
"50";"Mato Grosso do Sul";"Branca";"35 a 44 anos";"177996";"84153";"93843";"175260";"82618";"92642";"2736";"1535";"1201"
"50";"Mato Grosso do Sul";"Branca";"45 a 54 anos";"146097";"68245";"77852";"141272";"65775";"75497";"4825";"2470";"2355"
"50";"Mato Grosso do Sul";"Branca";"55 a 64 anos";"124847";"57806";"67041";"117340";"54186";"63154";"7507";"3620";"3887"
"50";"Mato Grosso do Sul";"Branca";"65 anos ou mais";"130730";"58433";"72297";"113697";"51363";"62334";"17033";"7070";"9963"
"50";"Mato Grosso do Sul";"Preta";"Total";"156034";"83920";"72114";"143176";"77172";"66004";"12858";"6748";"6110"
"50";"Mato Grosso do Sul";"Preta";"15 a 19 anos";"11206";"6084";"5122";"11103";"6012";"5091";"103";"72";"31"
"50";"Mato Grosso do Sul";"Preta";"20 a 24 anos";"14605";"7997";"6608";"14440";"7885";"6555";"165";"112";"53"
"50";"Mato Grosso do Sul";"Preta";"25 a 34 anos";"32512";"17925";"14587";"32044";"17603";"14441";"468";"322";"146"
"50";"Mato Grosso do Sul";"Preta";"35 a 44 anos";"32721";"18001";"14720";"31611";"17259";"14352";"1110";"742";"368"
"50";"Mato Grosso do Sul";"Preta";"45 a 54 anos";"26971";"14699";"12272";"24783";"13433";"11350";"2188";"1266";"922"
"50";"Mato Grosso do Sul";"Preta";"55 a 64 anos";"20460";"10582";"9878";"17116";"8868";"8248";"3344";"1714";"1630"
"50";"Mato Grosso do Sul";"Preta";"65 anos ou mais";"17559";"8632";"8927";"12079";"6112";"5967";"5480";"2520";"2960"
"50";"Mato Grosso do Sul";"Amarela";"Total";"17242";"8314";"8928";"16926";"8166";"8760";"316";"148";"168"
"50";"Mato Grosso do Sul";"Amarela";"15 a 19 anos";"1084";"539";"545";"1079";"537";"542";"5";"2";"3"
"50";"Mato Grosso do Sul";"Amarela";"20 a 24 anos";"1301";"623";"678";"1292";"618";"674";"9";"5";"4"
"50";"Mato Grosso do Sul";"Amarela";"25 a 34 anos";"2397";"1165";"1232";"2380";"1154";"1226";"17";"11";"6"
"50";"Mato Grosso do Sul";"Amarela";"35 a 44 anos";"2984";"1430";"1554";"2965";"1419";"1546";"19";"11";"8"
"50";"Mato Grosso do Sul";"Amarela";"45 a 54 anos";"2796";"1350";"1446";"2751";"1326";"1425";"45";"24";"21"
"50";"Mato Grosso do Sul";"Amarela";"55 a 64 anos";"2642";"1255";"1387";"2588";"1234";"1354";"54";"21";"33"
"50";"Mato Grosso do Sul";"Amarela";"65 anos ou mais";"4038";"1952";"2086";"3871";"1878";"1993";"167";"74";"93"
"50";"Mato Grosso do Sul";"Parda";"Total";"1004205";"494071";"510134";"945154";"465525";"479629";"59051";"28546";"30505"
"50";"Mato Grosso do Sul";"Parda";"15 a 19 anos";"96899";"49812";"47087";"95920";"49187";"46733";"979";"625";"354"
"50";"Mato Grosso do Sul";"Parda";"20 a 24 anos";"101319";"50923";"50396";"100253";"50242";"50011";"1066";"681";"385"
"50";"Mato Grosso do Sul";"Parda";"25 a 34 anos";"207858";"102535";"105323";"205217";"100901";"104316";"2641";"1634";"1007"
"50";"Mato Grosso do Sul";"Parda";"35 a 44 anos";"202484";"100530";"101954";"196872";"97398";"99474";"5612";"3132";"2480"
"50";"Mato Grosso do Sul";"Parda";"45 a 54 anos";"163862";"80440";"83422";"153889";"75240";"78649";"9973";"5200";"4773"
"50";"Mato Grosso do Sul";"Parda";"55 a 64 anos";"124550";"59442";"65108";"110300";"52880";"57420";"14250";"6562";"7688"
"50";"Mato Grosso do Sul";"Parda";"65 anos ou mais";"107233";"50389";"56844";"82703";"39677";"43026";"24530";"10712";"13818"
"50";"Mato Grosso do Sul";"Indígena";"Total";"63936";"31465";"32471";"55394";"27820";"27574";"8542";"3645";"4897"
"50";"Mato Grosso do Sul";"Indígena";"15 a 19 anos";"10981";"5598";"5383";"10724";"5459";"5265";"257";"139";"118"
"50";"Mato Grosso do Sul";"Indígena";"20 a 24 anos";"9935";"4961";"4974";"9596";"4770";"4826";"339";"191";"148"
"50";"Mato Grosso do Sul";"Indígena";"25 a 34 anos";"15099";"7316";"7783";"14271";"6915";"7356";"828";"401";"427"
"50";"Mato Grosso do Sul";"Indígena";"35 a 44 anos";"10929";"5291";"5638";"9511";"4733";"4778";"1418";"558";"860"
"50";"Mato Grosso do Sul";"Indígena";"45 a 54 anos";"7460";"3763";"3697";"5823";"3091";"2732";"1637";"672";"965"
"50";"Mato Grosso do Sul";"Indígena";"55 a 64 anos";"4653";"2275";"2378";"3120";"1586";"1534";"1533";"689";"844"
"50";"Mato Grosso do Sul";"Indígena";"65 anos ou mais";"4879";"2261";"2618";"2349";"1266";"1083";"2530";"995";"1535"
"51";"Mato Grosso";"Total";"Total";"2828963";"1418276";"1410687";"2664471";"1331689";"1332782";"164492";"86587";"77905"
"51";"Mato Grosso";"Total";"15 a 19 anos";"270800";"137790";"133010";"267408";"135612";"131796";"3392";"2178";"1214"
"51";"Mato Grosso";"Total";"20 a 24 anos";"289545";"146781";"142764";"286195";"144742";"141453";"3350";"2039";"1311"
"51";"Mato Grosso";"Total";"25 a 34 anos";"603389";"302278";"301111";"595327";"297281";"298046";"8062";"4997";"3065"
"51";"Mato Grosso";"Total";"35 a 44 anos";"592611";"297196";"295415";"576386";"287445";"288941";"16225";"9751";"6474"
"51";"Mato Grosso";"Total";"45 a 54 anos";"457561";"229481";"228080";"430271";"213993";"216278";"27290";"15488";"11802"
"51";"Mato Grosso";"Total";"55 a 64 anos";"333017";"166892";"166125";"294507";"146919";"147588";"38510";"19973";"18537"
"51";"Mato Grosso";"Total";"65 anos ou mais";"282040";"137858";"144182";"214377";"105697";"108680";"67663";"32161";"35502"
"51";"Mato Grosso";"Branca";"Total";"915309";"450263";"465046";"878506";"431692";"446814";"36803";"18571";"18232"
"51";"Mato Grosso";"Branca";"15 a 19 anos";"79605";"39505";"40100";"78833";"39031";"39802";"772";"474";"298"
"51";"Mato Grosso";"Branca";"20 a 24 anos";"83998";"41897";"42101";"83219";"41417";"41802";"779";"480";"299"
"51";"Mato Grosso";"Branca";"25 a 34 anos";"182527";"90263";"92264";"180849";"89218";"91631";"1678";"1045";"633"
"51";"Mato Grosso";"Branca";"35 a 44 anos";"184706";"90506";"94200";"181764";"88745";"93019";"2942";"1761";"1181"
"51";"Mato Grosso";"Branca";"45 a 54 anos";"149466";"73378";"76088";"144157";"70380";"73777";"5309";"2998";"2311"
"51";"Mato Grosso";"Branca";"55 a 64 anos";"122105";"60818";"61287";"114200";"56780";"57420";"7905";"4038";"3867"
"51";"Mato Grosso";"Branca";"65 anos ou mais";"112902";"53896";"59006";"95484";"46121";"49363";"17418";"7775";"9643"
"51";"Mato Grosso";"Preta";"Total";"309198";"169351";"139847";"281985";"153462";"128523";"27213";"15889";"11324"
"51";"Mato Grosso";"Preta";"15 a 19 anos";"24522";"13384";"11138";"24203";"13146";"11057";"319";"238";"81"
"51";"Mato Grosso";"Preta";"20 a 24 anos";"30737";"16893";"13844";"30344";"16610";"13734";"393";"283";"110"
"51";"Mato Grosso";"Preta";"25 a 34 anos";"67417";"37387";"30030";"66343";"36597";"29746";"1074";"790";"284"
"51";"Mato Grosso";"Preta";"35 a 44 anos";"67809";"37567";"30242";"65130";"35745";"29385";"2679";"1822";"857"
"51";"Mato Grosso";"Preta";"45 a 54 anos";"52695";"29064";"23631";"47955";"26050";"21905";"4740";"3014";"1726"
"51";"Mato Grosso";"Preta";"55 a 64 anos";"36237";"19522";"16715";"29324";"15574";"13750";"6913";"3948";"2965"
"51";"Mato Grosso";"Preta";"65 anos ou mais";"29781";"15534";"14247";"18686";"9740";"8946";"11095";"5794";"5301"
"51";"Mato Grosso";"Amarela";"Total";"9235";"4388";"4847";"9018";"4297";"4721";"217";"91";"126"
"51";"Mato Grosso";"Amarela";"15 a 19 anos";"659";"326";"333";"649";"322";"327";"10";"4";"6"
"51";"Mato Grosso";"Amarela";"20 a 24 anos";"742";"326";"416";"736";"323";"413";"6";"3";"3"
"51";"Mato Grosso";"Amarela";"25 a 34 anos";"1609";"744";"865";"1600";"741";"859";"9";"3";"6"
"51";"Mato Grosso";"Amarela";"35 a 44 anos";"1935";"915";"1020";"1911";"901";"1010";"24";"14";"10"
"51";"Mato Grosso";"Amarela";"45 a 54 anos";"1526";"720";"806";"1497";"709";"788";"29";"11";"18"
"51";"Mato Grosso";"Amarela";"55 a 64 anos";"1206";"593";"613";"1170";"573";"597";"36";"20";"16"
"51";"Mato Grosso";"Amarela";"65 anos ou mais";"1558";"764";"794";"1455";"728";"727";"103";"36";"67"
"51";"Mato Grosso";"Parda";"Total";"1562137";"777717";"784420";"1467210";"727456";"739754";"94927";"50261";"44666"
"51";"Mato Grosso";"Parda";"15 a 19 anos";"159394";"81224";"78170";"157531";"79929";"77602";"1863";"1295";"568"
"51";"Mato Grosso";"Parda";"20 a 24 anos";"168665";"84915";"83750";"166834";"83739";"83095";"1831";"1176";"655"
"51";"Mato Grosso";"Parda";"25 a 34 anos";"344042";"170003";"174039";"339453";"166995";"172458";"4589";"3008";"1581"
"51";"Mato Grosso";"Parda";"35 a 44 anos";"332513";"165408";"167105";"322883";"159487";"163396";"9630";"5921";"3709"
"51";"Mato Grosso";"Parda";"45 a 54 anos";"250437";"124535";"125902";"234102";"115370";"118732";"16335";"9165";"7170"
"51";"Mato Grosso";"Parda";"55 a 64 anos";"171531";"84989";"86542";"148545";"73292";"75253";"22986";"11697";"11289"
"51";"Mato Grosso";"Parda";"65 anos ou mais";"135555";"66643";"68912";"97862";"48644";"49218";"37693";"17999";"19694"
"51";"Mato Grosso";"Indígena";"Total";"33012";"16518";"16494";"27686";"14746";"12940";"5326";"1772";"3554"
"51";"Mato Grosso";"Indígena";"15 a 19 anos";"6616";"3348";"3268";"6188";"3181";"3007";"428";"167";"261"
"51";"Mato Grosso";"Indígena";"20 a 24 anos";"5395";"2748";"2647";"5054";"2651";"2403";"341";"97";"244"
"51";"Mato Grosso";"Indígena";"25 a 34 anos";"7764";"3862";"3902";"7052";"3711";"3341";"712";"151";"561"
"51";"Mato Grosso";"Indígena";"35 a 44 anos";"5636";"2793";"2843";"4687";"2560";"2127";"949";"233";"716"
"51";"Mato Grosso";"Indígena";"45 a 54 anos";"3425";"1779";"1646";"2549";"1480";"1069";"876";"299";"577"
"51";"Mato Grosso";"Indígena";"55 a 64 anos";"1936";"969";"967";"1267";"699";"568";"669";"270";"399"
"51";"Mato Grosso";"Indígena";"65 anos ou mais";"2240";"1019";"1221";"889";"464";"425";"1351";"555";"796"
"52";"Goiás";"Total";"Total";"5625206";"2737460";"2887746";"5316507";"2576858";"2739649";"308699";"160602";"148097"
"52";"Goiás";"Total";"15 a 19 anos";"508801";"258460";"250341";"503591";"255081";"248510";"5210";"3379";"1831"
"52";"Goiás";"Total";"20 a 24 anos";"554318";"278317";"276001";"548983";"274970";"274013";"5335";"3347";"1988"
"52";"Goiás";"Total";"25 a 34 anos";"1127943";"557449";"570494";"1115122";"549093";"566029";"12821";"8356";"4465"
"52";"Goiás";"Total";"35 a 44 anos";"1154195";"564828";"589367";"1125846";"547119";"578727";"28349";"17709";"10640"
"52";"Goiás";"Total";"45 a 54 anos";"933268";"451447";"481821";"882062";"421524";"460538";"51206";"29923";"21283"
"52";"Goiás";"Total";"55 a 64 anos";"697808";"329595";"368213";"629427";"294157";"335270";"68381";"35438";"32943"
"52";"Goiás";"Total";"65 anos ou mais";"648873";"297364";"351509";"511476";"234914";"276562";"137397";"62450";"74947"
"52";"Goiás";"Branca";"Total";"2029391";"952553";"1076838";"1941571";"909158";"1032413";"87820";"43395";"44425"
"52";"Goiás";"Branca";"15 a 19 anos";"170462";"84300";"86162";"168912";"83351";"85561";"1550";"949";"601"
"52";"Goiás";"Branca";"20 a 24 anos";"181398";"88582";"92816";"179839";"87685";"92154";"1559";"897";"662"
"52";"Goiás";"Branca";"25 a 34 anos";"368805";"177577";"191228";"365400";"175535";"189865";"3405";"2042";"1363"
"52";"Goiás";"Branca";"35 a 44 anos";"393224";"184453";"208771";"386638";"180456";"206182";"6586";"3997";"2589"
"52";"Goiás";"Branca";"45 a 54 anos";"337323";"157211";"180112";"325229";"150122";"175107";"12094";"7089";"5005"
"52";"Goiás";"Branca";"55 a 64 anos";"279589";"128862";"150727";"261928";"119779";"142149";"17661";"9083";"8578"
"52";"Goiás";"Branca";"65 anos ou mais";"298590";"131568";"167022";"253625";"112230";"141395";"44965";"19338";"25627"
"52";"Goiás";"Preta";"Total";"563092";"304087";"259005";"513881";"276231";"237650";"49211";"27856";"21355"
"52";"Goiás";"Preta";"15 a 19 anos";"45398";"24591";"20807";"44820";"24197";"20623";"578";"394";"184"
"52";"Goiás";"Preta";"20 a 24 anos";"57628";"31649";"25979";"56973";"31198";"25775";"655";"451";"204"
"52";"Goiás";"Preta";"25 a 34 anos";"119355";"65914";"53441";"117505";"64541";"52964";"1850";"1373";"477"
"52";"Goiás";"Preta";"35 a 44 anos";"122677";"67706";"54971";"117893";"64429";"53464";"4784";"3277";"1507"
"52";"Goiás";"Preta";"45 a 54 anos";"95698";"51768";"43930";"86707";"46157";"40550";"8991";"5611";"3380"
"52";"Goiás";"Preta";"55 a 64 anos";"65874";"34329";"31545";"54017";"27794";"26223";"11857";"6535";"5322"
"52";"Goiás";"Preta";"65 anos ou mais";"56462";"28130";"28332";"35966";"17915";"18051";"20496";"10215";"10281"
"52";"Goiás";"Amarela";"Total";"14508";"6479";"8029";"14015";"6230";"7785";"493";"249";"244"
"52";"Goiás";"Amarela";"15 a 19 anos";"1059";"493";"566";"1050";"487";"563";"9";"6";"3"
"52";"Goiás";"Amarela";"20 a 24 anos";"1387";"621";"766";"1380";"616";"764";"7";"5";"2"
"52";"Goiás";"Amarela";"25 a 34 anos";"2987";"1289";"1698";"2955";"1271";"1684";"32";"18";"14"
"52";"Goiás";"Amarela";"35 a 44 anos";"3052";"1286";"1766";"2997";"1252";"1745";"55";"34";"21"
"52";"Goiás";"Amarela";"45 a 54 anos";"2340";"1036";"1304";"2249";"984";"1265";"91";"52";"39"
"52";"Goiás";"Amarela";"55 a 64 anos";"1673";"761";"912";"1568";"710";"858";"105";"51";"54"
"52";"Goiás";"Amarela";"65 anos ou mais";"2010";"993";"1017";"1816";"910";"906";"194";"83";"111"
"52";"Goiás";"Parda";"Total";"3009243";"1470186";"1539057";"2838849";"1381428";"1457421";"170394";"88758";"81636"
"52";"Goiás";"Parda";"15 a 19 anos";"291102";"148678";"142424";"288036";"146652";"141384";"3066";"2026";"1040"
"52";"Goiás";"Parda";"20 a 24 anos";"313062";"157067";"155995";"309957";"155077";"154880";"3105";"1990";"1115"
"52";"Goiás";"Parda";"25 a 34 anos";"635103";"311841";"323262";"627597";"306937";"320660";"7506";"4904";"2602"
"52";"Goiás";"Parda";"35 a 44 anos";"633493";"310570";"322923";"616642";"300207";"316435";"16851";"10363";"6488"
"52";"Goiás";"Parda";"45 a 54 anos";"496396";"240718";"255678";"466519";"223617";"242902";"29877";"17101";"12776"
"52";"Goiás";"Parda";"55 a 64 anos";"349470";"165126";"184344";"310896";"145438";"165458";"38574";"19688";"18886"
"52";"Goiás";"Parda";"65 anos ou mais";"290617";"136186";"154431";"219202";"103500";"115702";"71415";"32686";"38729"
"52";"Goiás";"Indígena";"Total";"8797";"4061";"4736";"8023";"3718";"4305";"774";"343";"431"
"52";"Goiás";"Indígena";"15 a 19 anos";"770";"390";"380";"763";"386";"377";"7";"4";"3"
"52";"Goiás";"Indígena";"20 a 24 anos";"827";"392";"435";"818";"388";"430";"9";"4";"5"
"52";"Goiás";"Indígena";"25 a 34 anos";"1650";"808";"842";"1622";"789";"833";"28";"19";"9"
"52";"Goiás";"Indígena";"35 a 44 anos";"1701";"784";"917";"1629";"747";"882";"72";"37";"35"
"52";"Goiás";"Indígena";"45 a 54 anos";"1488";"702";"786";"1336";"632";"704";"152";"70";"82"
"52";"Goiás";"Indígena";"55 a 64 anos";"1186";"508";"678";"1004";"427";"577";"182";"81";"101"
"52";"Goiás";"Indígena";"65 anos ou mais";"1175";"477";"698";"851";"349";"502";"324";"128";"196"
"53";"Distrito Federal";"Total";"Total";"2283148";"1071016";"1212132";"2219866";"1039419";"1180447";"63282";"31597";"31685"
"53";"Distrito Federal";"Total";"15 a 19 anos";"208546";"105447";"103099";"206886";"104331";"102555";"1660";"1116";"544"
"53";"Distrito Federal";"Total";"20 a 24 anos";"227966";"115443";"112523";"225565";"113608";"111957";"2401";"1835";"566"
"53";"Distrito Federal";"Total";"25 a 34 anos";"447336";"218440";"228896";"443092";"215453";"227639";"4244";"2987";"1257"
"53";"Distrito Federal";"Total";"35 a 44 anos";"492668";"229675";"262993";"485479";"225118";"260361";"7189";"4557";"2632"
"53";"Distrito Federal";"Total";"45 a 54 anos";"389706";"180588";"209118";"378857";"174560";"204297";"10849";"6028";"4821"
"53";"Distrito Federal";"Total";"55 a 64 anos";"268350";"119668";"148682";"256105";"113820";"142285";"12245";"5848";"6397"
"53";"Distrito Federal";"Total";"65 anos ou mais";"248576";"101755";"146821";"223882";"92529";"131353";"24694";"9226";"15468"
"53";"Distrito Federal";"Branca";"Total";"904990";"404436";"500554";"887954";"396658";"491296";"17036";"7778";"9258"
"53";"Distrito Federal";"Branca";"15 a 19 anos";"74830";"36805";"38025";"74340";"36497";"37843";"490";"308";"182"
"53";"Distrito Federal";"Branca";"20 a 24 anos";"82050";"39632";"42418";"81503";"39294";"42209";"547";"338";"209"
"53";"Distrito Federal";"Branca";"25 a 34 anos";"163861";"76447";"87414";"162809";"75807";"87002";"1052";"640";"412"
"53";"Distrito Federal";"Branca";"35 a 44 anos";"191468";"84480";"106988";"189802";"83505";"106297";"1666";"975";"691"
"53";"Distrito Federal";"Branca";"45 a 54 anos";"153437";"67266";"86171";"150854";"65882";"84972";"2583";"1384";"1199"
"53";"Distrito Federal";"Branca";"55 a 64 anos";"114789";"50082";"64707";"111744";"48675";"63069";"3045";"1407";"1638"
"53";"Distrito Federal";"Branca";"65 anos ou mais";"124555";"49724";"74831";"116902";"46998";"69904";"7653";"2726";"4927"
"53";"Distrito Federal";"Preta";"Total";"262378";"135221";"127157";"251257";"129419";"121838";"11121";"5802";"5319"
"53";"Distrito Federal";"Preta";"15 a 19 anos";"21547";"11429";"10118";"21396";"11329";"10067";"151";"100";"51"
"53";"Distrito Federal";"Preta";"20 a 24 anos";"28196";"15471";"12725";"27936";"15259";"12677";"260";"212";"48"
"53";"Distrito Federal";"Preta";"25 a 34 anos";"56610";"30923";"25687";"55980";"30447";"25533";"630";"476";"154"
"53";"Distrito Federal";"Preta";"35 a 44 anos";"58609";"30378";"28231";"57285";"29496";"27789";"1324";"882";"442"
"53";"Distrito Federal";"Preta";"45 a 54 anos";"45295";"23260";"22035";"43178";"21998";"21180";"2117";"1262";"855"
"53";"Distrito Federal";"Preta";"55 a 64 anos";"29250";"13994";"15256";"26910";"12817";"14093";"2340";"1177";"1163"
"53";"Distrito Federal";"Preta";"65 anos ou mais";"22871";"9766";"13105";"18572";"8073";"10499";"4299";"1693";"2606"
"53";"Distrito Federal";"Amarela";"Total";"11105";"5073";"6032";"10944";"4999";"5945";"161";"74";"87"
"53";"Distrito Federal";"Amarela";"15 a 19 anos";"662";"324";"338";"658";"322";"336";"4";"2";"2"
"53";"Distrito Federal";"Amarela";"20 a 24 anos";"817";"381";"436";"810";"377";"433";"7";"4";"3"
"53";"Distrito Federal";"Amarela";"25 a 34 anos";"1915";"845";"1070";"1898";"838";"1060";"17";"7";"10"
"53";"Distrito Federal";"Amarela";"35 a 44 anos";"2494";"1100";"1394";"2466";"1086";"1380";"28";"14";"14"
"53";"Distrito Federal";"Amarela";"45 a 54 anos";"1922";"858";"1064";"1898";"847";"1051";"24";"11";"13"
"53";"Distrito Federal";"Amarela";"55 a 64 anos";"1378";"665";"713";"1359";"655";"704";"19";"10";"9"
"53";"Distrito Federal";"Amarela";"65 anos ou mais";"1917";"900";"1017";"1855";"874";"981";"62";"26";"36"
"53";"Distrito Federal";"Parda";"Total";"1099813";"524093";"575720";"1065100";"506261";"558839";"34713";"17832";"16881"
"53";"Distrito Federal";"Parda";"15 a 19 anos";"111146";"56723";"54423";"110137";"56020";"54117";"1009";"703";"306"
"53";"Distrito Federal";"Parda";"20 a 24 anos";"116453";"59748";"56705";"114875";"58471";"56404";"1578";"1277";"301"
"53";"Distrito Federal";"Parda";"25 a 34 anos";"224050";"109777";"114273";"221521";"107924";"113597";"2529";"1853";"676"
"53";"Distrito Federal";"Parda";"35 a 44 anos";"239121";"113269";"125852";"234985";"110598";"124387";"4136";"2671";"1465"
"53";"Distrito Federal";"Parda";"45 a 54 anos";"188153";"88815";"99338";"182083";"85469";"96614";"6070";"3346";"2724"
"53";"Distrito Federal";"Parda";"55 a 64 anos";"122288";"54649";"67639";"115493";"51420";"64073";"6795";"3229";"3566"
"53";"Distrito Federal";"Parda";"65 anos ou mais";"98602";"41112";"57490";"86006";"36359";"49647";"12596";"4753";"7843"
"53";"Distrito Federal";"Indígena";"Total";"4781";"2155";"2626";"4532";"2046";"2486";"249";"109";"140"
"53";"Distrito Federal";"Indígena";"15 a 19 anos";"359";"165";"194";"353";"162";"191";"6";"3";"3"
"53";"Distrito Federal";"Indígena";"20 a 24 anos";"443";"209";"234";"434";"205";"229";"9";"4";"5"
"53";"Distrito Federal";"Indígena";"25 a 34 anos";"879";"439";"440";"863";"428";"435";"16";"11";"5"
"53";"Distrito Federal";"Indígena";"35 a 44 anos";"955";"436";"519";"921";"422";"499";"34";"14";"20"
"53";"Distrito Federal";"Indígena";"45 a 54 anos";"883";"383";"500";"828";"358";"470";"55";"25";"30"
"53";"Distrito Federal";"Indígena";"55 a 64 anos";"641";"276";"365";"595";"251";"344";"46";"25";"21"
"53";"Distrito Federal";"Indígena";"65 anos ou mais";"621";"247";"374";"538";"220";"318";"83";"27";"56"
"Fonte: IBGE - Censo Demográfico"

"Notas"
"1 - Dados do Universo"
"2 - No Censo Demográfico 2022, definiu-se como indígena a pessoa residente em localidades indígenas que se declarou indígena pelo quesito de cor ou raça ou pelo quesito se considera indígena; ou a pessoa residente fora das localidades indígenas que se declarou indígena no quesito de cor ou raça. Por essa razão, o total de pessoas indígenas é superior ou igual ao total de pessoas de cor ou raça declarada indígena, nos diferentes recortes."
"3 - No Censo Demográfico 2022, foram consideradas localidades indígenas aquelas que compõem o conjunto das Terras Indígenas, dos agrupamentos indígenas e das demais áreas de conhecida ou potencial ocupação indígena. Para mais detalhes, consultar a documentação metodológica."
"4 - No Censo Demográfico 2022, foram consideradas as Terras Indígenas declaradas, homologadas, regularizadas ou encaminhadas como Reservas Indígenas até 31 de julho de 2022, data de referência da pesquisa, conforme os dados da Fundação Nacional dos Povos Indígenas – FUNAI. Para mais informações, consultar a documentação metodológica."
"5 - A categoria Total de cor ou raça inclui os ignorados omitidos na tabela."
""
"Legenda"
"Símbolo";"Significado"
"-";"Zero absoluto, não resultante de um cálculo ou arredondamento.
Ex: Em determinado município não existem pessoas de 14 anos de idade sem instrução."
"0";"Zero resultante de um cálculo ou arredondamento.
Ex: A inflação do feijão em determinada Região Metropolitana foi 0.
Determinado município produziu 400 kg de sementes de girassol e os dados da tabela são expressos em toneladas."
"X";"Valor inibido para não identificar o informante.
Ex: Determinado município só possui uma empresa produtora de cimento, logo o valor de sua produção deve ser inibido."
"..";"Valor não se aplica.
Ex: Não se pode obter o total da produção agrícola em determinado município quando os produtos agrícolas são contabilizados com unidades de medida distintas."
"...";"Valor não disponível.
Ex: A produção de feijão em determinado município não foi pesquisada ou determinado município não existia no ano da pesquisa."
"A a Z
(exceto X)";"Significa uma faixa de valores. Varia em função da tabela (se for o caso).
Ex: O nível de precisão da produção estimada de combustíveis está na faixa A (95 a 100%)"
